Date,Open,High,Low,Vol.,Change %,Crude_Oil_Price,EURUSD,Carbon_Price_USD,EuroNext100_Price,Total_MtCO2_per_day,Natural_Gas_Price
2021-01-04,33.14,34.45,33.14,1250.0,2.88,47.76,1.2248,41.508472000000005,1112.52,18.327062767034,2.561
2021-01-05,33.69,33.83,32.96,1280.0,-2.18,50.01,1.2294,40.75461,1109.56,18.811857766274,2.673
2021-01-06,33.71,33.88,33.02,430.0,2.05,50.69,1.2325,41.695475,1120.23,19.171410338359,2.684
2021-01-07,34.05,35.0,34.05,1170.0,3.37,50.87,1.227,42.908190000000005,1122.13,19.889331112044,2.691
2021-01-08,35.21,35.35,34.55,1600.0,0.49,52.26,1.2218,42.934052,1132.1,20.89123395056,2.656
2021-01-11,35.29,35.4,34.46,1100.0,-1.08,52.27,1.2149,42.229924,1124.29,21.832499926341,2.703
2021-01-12,34.6,35.59,34.44,1310.0,0.35,53.24,1.2207,42.578016,1122.56,21.825288526021,2.707
2021-01-13,34.73,34.85,33.33,1990.0,-2.87,52.96,1.2157,41.187916,1123.61,21.83190788665,2.689
2021-01-14,33.77,33.97,32.99,1620.0,-0.35,53.62,1.2156,41.038656,1133.2,21.687170908805,2.63
2021-01-15,33.63,33.63,31.89,1750.0,-5.33,52.42,1.2078,38.601288,1121.8,21.730905713605,2.696
2021-01-18,31.83,32.51,31.56,1210.0,-0.38,52.36,1.2076,38.449984,1122.54,22.000910227072,2.637
2021-01-19,32.11,33.33,32.06,1140.0,4.59,52.98,1.2128,40.38624,1122.18,21.915070240852,2.529
2021-01-20,33.49,33.84,33.02,700.0,-0.54,53.31,1.2104,40.08844799999999,1130.55,21.54502044122,2.533
2021-01-21,32.89,34.41,32.83,830.0,3.62,53.05,1.2162,41.739984,1129.32,20.86136044307,2.497
2021-01-22,34.27,34.45,33.77,1390.0,0.38,52.19,1.2167,41.915315,1123.64,20.15049877373,2.456
2021-01-25,34.77,34.84,33.35,1720.0,-3.08,52.67,1.2137,40.525443,1110.13,19.19308764455,2.598
2021-01-26,33.13,33.74,33.05,1270.0,0.51,52.52,1.216,40.80896,1115.66,19.32139131758,2.636
2021-01-27,33.41,33.67,32.48,610.0,-0.15,52.73,1.2108,40.573908,1098.49,19.75710970762,2.702
2021-01-28,33.81,34.16,33.15,1060.0,1.97,52.24,1.2121,41.417457,1106.68,20.181068258521,2.675
2021-01-29,34.0,34.08,33.16,1380.0,-2.9,52.08,1.2136,40.267248,1085.38,20.182491446991,2.592
2021-02-01,33.19,33.58,32.85,620.0,-0.3,53.42,1.2059,39.891172,1100.99,20.085474516671,2.821
2021-02-02,33.29,35.32,33.29,1040.0,6.38,54.62,1.2042,42.375798,1119.53,19.97354828106,2.818
2021-02-03,35.15,38.04,35.07,2590.0,6.99,55.54,1.2034,45.30801,1121.09,19.6344400902,2.772
2021-02-04,37.76,38.46,36.92,1380.0,-0.42,56.07,1.1962,44.845538,1126.74,19.670149942168,2.889
2021-02-05,37.6,38.9,37.43,1080.0,2.51,56.7,1.2042,46.277406,1132.93,19.964246445228,2.841
2021-02-08,39.39,39.93,38.7,2100.0,1.07,57.83,1.2048,46.79443200000001,1136.56,19.77811259402,2.862
2021-02-09,38.39,38.89,37.8,2050.0,-0.9,58.25,1.2117,46.638333,1138.0,20.15624512239,2.823
2021-02-10,38.41,39.94,37.81,3230.0,2.78,58.57,1.2116,47.930896,1134.18,20.891651644396,2.879
2021-02-11,39.5,40.31,38.63,12720.0,-1.42,58.14,1.2128,47.299200000000006,1138.5,21.519425502766,2.836
2021-02-12,38.61,40.5,37.4,7620.0,3.28,59.38,1.2118,48.811304,1147.6,22.070332644804,2.876
2021-02-15,40.18,40.88,39.73,3760.0,-1.17,60.09,1.2127,48.277587,1161.12,23.13347822756,3.067
2021-02-16,39.85,40.79,39.1,5750.0,-1.71,60.08,1.2104,47.362952,1161.15,22.750485220515,2.983
2021-02-17,39.25,39.66,38.35,3990.0,-1.87,61.16,1.2036,46.21824,1156.12,22.085979822535,3.032
2021-02-18,38.88,38.88,38.18,2300.0,0.55,60.53,1.2088,46.671768,1147.07,21.289285104865,2.97
2021-02-19,38.37,38.95,37.68,3890.0,-2.36,59.26,1.2117,45.681090000000005,1154.79,20.498915486649,2.991
2021-02-22,37.73,38.41,36.8,1030.0,1.49,61.7,1.2154,46.501204,1148.14,18.460539644639,2.936
2021-02-23,38.51,39.04,37.74,2290.0,1.86,61.43,1.2149,47.344653,1145.04,17.968538990544,2.857
2021-02-24,38.75,39.64,38.59,350.0,1.23,63.0,1.2164,47.98698,1146.63,17.459524776264,2.795
2021-02-25,39.83,39.83,38.63,1100.0,-2.23,63.22,1.2176,46.962832,1141.98,17.192582623922,2.809
2021-02-26,38.03,38.39,37.55,4430.0,-2.51,61.23,1.2074,45.39824,1123.08,17.166968883147,2.809
2021-03-01,38.16,38.43,37.43,2670.0,-0.4,60.42,1.2047,45.116015,1144.02,17.92738619043,2.818
2021-03-02,37.25,38.73,37.16,3330.0,3.31,59.57,1.2089,46.772341,1144.61,18.46152904534,2.875
2021-03-03,38.72,38.75,37.49,2720.0,-2.25,61.1,1.2062,45.618484,1147.53,19.22399222562,2.849
2021-03-04,37.95,38.73,37.03,2100.0,1.82,63.62,1.1966,46.081066,1144.45,19.757367296688,2.781
2021-03-05,38.6,39.45,38.16,1700.0,2.21,65.92,1.1917,46.905312,1133.33,20.16420503255,2.739
2021-03-08,39.76,39.76,38.67,3130.0,0.28,64.93,1.1843,46.74432099999999,1153.14,20.8893035302093,2.698
2021-03-09,39.57,41.1,39.4,1610.0,3.83,63.99,1.1898,48.75800399999999,1163.11,21.1100347565934,2.696
2021-03-10,40.96,42.12,40.83,7580.0,2.17,64.42,1.1925,49.92997499999999,1173.01,20.9673478154712,2.728
2021-03-11,42.01,43.02,41.35,9370.0,0.96,66.0,1.1984,50.656368,1183.27,20.3099723737112,2.703
2021-03-12,42.16,43.22,41.85,3020.0,2.18,65.64,1.1952,51.620688,1179.42,19.5854745562889,2.636
2021-03-15,42.44,43.65,42.42,8300.0,-1.07,65.44,1.1928,50.968344,1179.34,17.7906530356747,2.523
2021-03-16,42.5,42.94,41.92,12130.0,-1.8,64.86,1.19,49.9324,1184.32,17.326906342970002,2.597
2021-03-17,42.33,43.4,42.1,5370.0,3.29,64.63,1.1978,51.912652,1183.44,17.31128982636,2.555
2021-03-18,43.34,44.07,42.58,8890.0,-1.38,60.06,1.1915,50.924710000000005,1184.47,18.01372300788,2.511
2021-03-19,42.4,42.64,41.6,2720.0,-1.01,61.44,1.1903,50.361593,1176.57,18.62884367033,2.566
2021-03-22,42.1,43.35,42.09,1080.0,2.06,61.56,1.1931,51.518058,1175.47,19.9228548653,2.619
2021-03-23,43.02,43.11,41.67,3180.0,-3.24,57.78,1.1849,49.50512200000001,1172.47,20.127496708279,2.554
2021-03-24,41.86,42.03,41.12,3080.0,0.43,61.16,1.1812,49.563152,1173.25,20.06785238886,2.568
2021-03-25,41.84,41.95,40.0,3480.0,-2.98,58.57,1.1764,47.89124399999999,1173.03,19.80838464234,2.616
2021-03-26,40.71,42.17,40.64,2270.0,3.39,60.96,1.1796,49.649364000000006,1184.05,19.35278074433,2.619
2021-03-29,41.84,42.64,41.19,1120.0,0.26,61.53,1.1762,49.63564,1187.95,17.637201936599,2.653
2021-03-30,41.94,42.83,41.83,3400.0,0.47,60.56,1.1714,49.66736,1198.75,16.99039042818,2.681
2021-03-31,42.48,43.1,42.37,1300.0,1.16,59.18,1.1728,50.30139200000001,1195.05,16.50991266343,2.667
2021-04-01,42.89,43.16,42.53,1010.0,-0.19,61.48,1.1775,50.408775000000006,1206.44,15.9216365722,2.697
2021-04-05,42.81,42.81,42.81,2110.0,0.0,58.68,1.1811,50.56289100000001,1212.69,14.999524063125,2.582
2021-04-06,43.2,44.65,43.13,2110.0,4.18,59.37,1.1875,52.9625,1212.69,15.19879393856,2.536
2021-04-07,44.72,44.72,43.9,1340.0,-0.83,59.81,1.187,52.50101,1209.71,15.616128193012,2.597
2021-04-08,44.15,44.32,43.7,1670.0,-0.86,59.63,1.1912,52.23412,1217.58,16.150635022255,2.607
2021-04-09,43.9,44.15,43.54,1430.0,0.41,59.35,1.1896,52.378088,1217.16,16.736852485615,2.605
2021-04-12,44.23,44.97,44.07,3550.0,1.89,59.75,1.1909,53.423774,1212.21,18.46950999645318,2.643
2021-04-13,44.97,45.04,44.15,2310.0,-1.38,60.24,1.1946,52.849104,1216.08,18.943404976326,2.696
2021-04-14,44.38,44.56,43.86,2350.0,-0.09,63.22,1.1978,52.94276,1221.6,19.217340647857,2.693
2021-04-15,44.32,44.9,44.27,1500.0,0.79,63.51,1.1965,53.30407499999999,1227.19,19.486713145285,2.73
2021-04-16,45.15,45.18,44.77,2360.0,0.56,63.19,1.1983,53.68384,1234.77,19.750184895183,2.754
2021-04-19,44.9,45.31,44.29,2550.0,-0.13,63.43,1.2033,53.83564200000001,1233.34,20.158372145895,2.818
2021-04-20,44.53,45.55,44.42,1300.0,1.23,62.67,1.2033,54.497457,1210.15,20.04414274793,2.803
2021-04-21,45.31,46.89,45.3,2400.0,2.27,61.27,1.2033,55.736856,1222.17,19.68140907987,2.776
2021-04-22,46.76,47.67,46.66,2030.0,2.57,61.34,1.2015,57.083265,1232.35,19.284089080736,2.831
2021-04-23,47.45,47.53,46.53,2560.0,-0.27,62.02,1.2099,57.325062,1231.79,18.924711206975,2.818
2021-04-26,47.39,48.13,47.39,1680.0,0.61,61.8,1.2083,57.599661,1233.61,17.886011107307,2.874
2021-04-27,47.5,48.28,46.84,1360.0,0.23,62.8,1.209,57.766020000000005,1231.62,17.664208892807,2.942
2021-04-28,48.15,48.85,47.81,7190.0,1.05,63.75,1.2123,58.529844,1236.06,17.5787836608,2.96
2021-04-29,48.31,48.65,47.65,2960.0,0.48,64.88,1.2118,58.784418,1235.02,17.59952631806,2.961
2021-04-30,48.58,49.83,48.2,7700.0,1.65,63.48,1.2018,59.260758,1228.38,17.76930463175,2.978
2021-05-03,49.59,50.34,49.59,700.0,1.2,64.41,1.2061,60.18438999999999,1235.44,17.64308900137,3.014
2021-05-04,50.09,50.33,48.87,3350.0,-1.68,65.61,1.2013,58.935778000000006,1218.1,17.165984589068,3.012
2021-05-05,49.32,49.96,49.1,9530.0,1.73,65.59,1.2005,59.916955,1238.81,16.920891792018,2.982
2021-05-06,49.96,50.95,49.7,3740.0,1.0,64.67,1.2064,60.814624,1240.1,16.975067830372,2.974
2021-05-07,50.58,51.58,49.9,2970.0,1.03,64.88,1.2163,61.946159,1248.14,16.9110089764344,3.004
2021-05-10,51.5,53.25,51.5,3140.0,3.51,64.93,1.2129,63.944088,1243.63,15.76412108065,2.978
2021-05-11,52.38,53.94,51.9,4220.0,1.57,65.3,1.2146,65.04182999999999,1219.76,15.93087329466,2.999
2021-05-12,53.86,55.99,53.59,7590.0,4.3,66.1,1.2069,67.405365,1220.08,15.94732426479,3.018
2021-05-13,55.36,55.45,53.83,4290.0,-1.45,63.84,1.2078,66.477312,1220.46,15.3285492769,3.025
2021-05-14,55.37,57.48,55.24,5710.0,3.98,65.36,1.214,69.47721999999999,1237.89,14.92098852076,3.018
2021-05-17,57.02,57.37,56.0,6410.0,-0.45,66.28,1.2151,69.224247,1234.69,15.511878934048,3.164
2021-05-18,56.45,57.14,53.08,5360.0,-5.67,65.5,1.222,65.67028,1233.8,15.583032146568,3.078
2021-05-19,52.92,53.6,49.3,13600.0,-6.31,63.35,1.2172,61.28602000000001,1215.27,15.683133008099,3.028
2021-05-20,50.65,53.47,50.59,8410.0,6.08,61.94,1.2226,65.299066,1232.28,15.92808227189,2.991
2021-05-21,52.75,54.34,51.74,5660.0,-1.83,63.36,1.2179,63.854497,1238.92,15.669223908014,2.977
2021-05-24,52.2,53.51,51.4,2560.0,1.87,65.78,1.2215,65.240315,1243.9,15.056730351472,2.96
2021-05-25,53.81,54.27,52.83,4140.0,0.79,65.79,1.225,65.94175,1243.74,14.889365524962,2.974
2021-05-26,54.13,55.23,53.2,4370.0,0.72,65.96,1.219,66.09418000000001,1243.42,14.78648061409,3.027
2021-05-27,53.59,54.14,51.58,2110.0,-3.38,66.6,1.2192,63.873888,1247.07,14.94374797162,2.978
2021-05-28,52.23,52.9,50.78,3110.0,-1.55,66.1,1.2189,62.870862,1256.6,15.43517419469,3.007
2021-05-31,52.38,52.42,51.88,5890.0,1.28,66.96,1.2225,63.8634,1248.93,15.83370574438,3.055
2021-06-01,52.77,53.7,52.32,1190.0,1.4,67.52,1.2211,64.681667,1258.58,15.69778018387,3.126
2021-06-02,52.52,52.55,51.44,3930.0,-1.94,68.63,1.2209,63.413546,1263.62,15.34197148913,3.094
2021-06-03,52.85,53.15,50.66,4660.0,-2.33,68.6,1.2124,61.50505199999999,1259.13,14.81735671908,3.059
2021-06-04,50.61,51.95,49.8,2280.0,-0.51,69.39,1.2165,61.39675499999999,1262.79,14.50196069695,3.114
2021-06-07,49.83,52.5,49.83,240.0,2.97,69.04,1.2189,63.346233000000005,1266.8,14.457652852738,3.089
2021-06-08,52.33,53.1,52.07,4050.0,1.17,69.87,1.2171,63.995118000000005,1268.46,14.59556275845,3.14
2021-06-09,53.0,54.6,52.81,2840.0,2.51,69.79,1.2178,65.63942,1271.73,14.8403392379,3.144
2021-06-10,53.62,54.33,53.05,1670.0,0.46,70.09,1.2169,65.895135,1270.86,15.061617543089,3.166
2021-06-11,53.95,54.2,52.8,2340.0,-1.99,70.6,1.2106,64.24654199999999,1279.72,15.004045901609,3.311
2021-06-14,53.43,54.36,52.94,1420.0,0.41,70.63,1.2118,64.57682199999999,1283.31,14.362939252977,3.367
2021-06-15,53.01,53.01,51.43,5300.0,-2.87,71.86,1.2124,62.753824,1284.71,14.3521269327336,3.256
2021-06-16,51.9,52.7,51.15,3020.0,-0.08,71.95,1.1994,62.032968,1289.02,14.476488200597,3.271
2021-06-17,51.33,51.75,50.76,1930.0,-0.85,70.78,1.1906,61.053968000000005,1291.31,14.61522019902,3.275
2021-06-18,51.7,52.41,51.61,1580.0,1.91,71.29,1.186,61.98036,1268.39,14.8179891367,3.236
2021-06-21,52.16,53.31,51.99,3480.0,1.0,73.12,1.1915,62.88737,1275.3,15.27808453944,3.215
2021-06-22,53.23,53.81,53.16,4310.0,1.86,72.85,1.1938,64.178688,1278.21,15.42593131174,3.277
2021-06-23,53.99,55.2,53.88,6790.0,2.36,72.36,1.1925,65.62327499999999,1268.85,15.5930512172,3.352
2021-06-24,54.85,55.73,54.66,5720.0,0.84,72.63,1.193,66.19957000000001,1283.01,15.782714967,3.437
2021-06-25,55.67,56.16,55.3,8060.000000000001,-0.02,73.33,1.1933,66.204284,1282.9,15.85114240384,3.52
2021-06-28,55.89,56.31,55.05,6240.0,0.76,72.2,1.1924,66.65516,1273.06,16.21745521754,3.593
2021-06-29,55.75,56.57,55.61,2370.0,0.25,72.31,1.1895,66.65958,1275.94,16.32082753364,3.606
2021-06-30,55.8,57.03,55.62,5060.0,1.32,72.77,1.1855,67.31269,1264.63,16.31461492063,3.624
2021-07-01,57.09,59.0,57.02,3680.0,2.25,74.33,1.1848,68.789488,1270.95,16.153792821179998,3.632
2021-07-02,58.41,58.77,57.56,1400.0,-0.52,74.36,1.1864,68.52646399999999,1273.19,16.09735133762,3.668
2021-07-05,58.02,58.69,57.97,750.0,0.9,76.25,1.1861,69.125908,1273.49,15.79594170529,3.79
2021-07-06,58.56,58.58,52.68,3610.0,-6.59,72.58,1.1822,64.35896799999999,1264.43,15.35027899041,3.608
2021-07-07,53.93,55.37,52.9,2740.0,-2.59,71.5,1.1789,62.517067,1270.85,15.22168148824,3.574
2021-07-08,53.11,53.6,51.32,3480.0,-0.49,72.22,1.1842,62.490234,1244.93,15.36388797391,3.667
2021-07-09,53.55,54.86,53.3,3590.0,3.6,73.81,1.1873,64.90969100000001,1265.84,15.47617837179,3.657
2021-07-12,54.22,54.22,51.95,2070.0,-4.66,73.44,1.1859,61.809108,1273.26,15.6455469512,3.732
2021-07-13,52.15,53.7,51.7,2090.0,2.19,74.69,1.1774,62.708324,1275.32,15.89884693422,3.682
2021-07-14,52.81,55.88,52.05,2440.0,0.98,72.64,1.1835,63.64863,1276.01,15.66362123926,3.648
2021-07-15,52.8,53.9,52.3,2600.0,-0.76,71.38,1.1812,63.040644,1263.83,15.42679138415,3.601
2021-07-16,53.59,53.98,52.74,3010.0,-0.17,71.56,1.1805,62.89704,1258.67,15.17953416369,3.658
2021-07-19,53.0,54.35,52.4,3870.0,-0.88,66.35,1.1798,62.305238,1228.75,14.6538536272,3.754
2021-07-20,52.72,52.81,50.87,2650.0,-2.31,67.2,1.1779,60.767861,1235.13,14.57058714453,3.852
2021-07-21,51.82,52.65,51.3,5730.0,1.78,69.57,1.1792,61.919792,1257.91,14.70802524926,3.938
2021-07-22,52.04,52.58,50.46,4190.0,-2.57,71.14,1.177,60.21532,1265.13,14.72078103244,3.982
2021-07-23,50.4,51.31,50.37,5450.0,0.2,71.38,1.1771,60.338146,1279.86,14.77300610052,4.042
2021-07-26,51.1,53.71,50.96,1440.0,4.51,71.34,1.1799,63.207243,1276.46,14.91282201539,4.082
2021-07-27,54.0,54.06,53.2,2390.0,-0.54,71.14,1.1814,62.944992,1265.3,14.8919837694,3.942
2021-07-28,53.54,54.53,53.54,1210.0,1.73,71.79,1.1842,64.18364,1281.47,14.6460263162,3.967
2021-07-29,54.42,54.69,53.51,1890.0,0.39,72.98,1.1886,64.671726,1287.78,14.35178462387,4.06
2021-07-30,54.15,54.24,53.2,1350.0,-1.32,73.23,1.187,63.73003,1281.19,14.25992380648,3.92
2021-08-02,53.47,55.56,53.46,2010.0,2.05,70.61,1.1867,65.019293,1293.11,14.05983598795,3.938
2021-08-03,54.75,55.48,54.42,1200.0,-0.44,70.03,1.186,64.6963,1295.59,14.02712240608,4.032
2021-08-04,54.88,55.93,54.55,1190.0,2.33,67.79,1.1835,66.06297,1302.18,14.187856409286,4.163
2021-08-05,55.95,56.48,55.05,1860.0,0.93,68.74,1.1832,66.661488,1308.22,14.381329195771,4.148
2021-08-06,56.63,57.3,56.54,1830.0,1.21,68.1,1.176,67.05552,1311.81,13.903129695257,4.154
2021-08-09,56.9,57.7,56.25,2140.0,-0.07,66.3,1.1737,66.877426,1314.21,13.53839215143,4.075
2021-08-10,57.45,57.92,56.96,1750.0,1.39,68.06,1.1718,67.694886,1319.8,13.40391835535,4.103
2021-08-11,57.37,58.53,56.34,2380.0,0.64,69.02,1.1737,68.238918,1324.71,13.31191818577,4.071
2021-08-12,57.99,58.4,56.3,1920.0,-2.6,68.9,1.1727,66.41000100000001,1327.49,13.34939348398,3.948
2021-08-13,56.73,56.73,55.58,1510.0,-1.57,68.21,1.1791,65.723034,1327.64,13.47948686263,3.875
2021-08-16,55.5,58.6,55.46,920.0,4.99,67.05,1.1777,68.919004,1316.4,13.71259197424,3.96
2021-08-17,58.28,58.58,57.37,3410.0,-1.64,66.34,1.1708,67.391248,1313.42,13.52808905646,3.851
2021-08-18,57.42,58.37,55.73,3120.0,-0.19,65.21,1.171,67.27395,1308.69,13.32170916076,3.866
2021-08-19,57.3,57.3,52.86,10110.0,-6.28,63.5,1.1674,62.852816,1282.43,13.313407937917,3.844
2021-08-20,54.03,55.2,53.82,4130.0,1.63,62.14,1.1696,64.000512,1288.28,13.498053360767,3.866
2021-08-23,55.53,56.55,55.26,5650.0,1.74,65.34,1.1743,65.37328099999999,1300.73,14.28775665281,3.96
2021-08-24,56.08,57.18,55.79,2990.0,2.34,67.25,1.1753,66.956841,1301.83,14.59862270379,3.916
2021-08-25,56.98,57.42,56.19,2410.0,-0.18,68.06,1.177,66.93599,1303.41,15.004842318957,3.925
2021-08-26,56.65,57.86,55.97,1320.0,0.56,67.1,1.175,67.19825,1301.47,15.089301886908,4.211
2021-08-27,57.84,60.25,57.84,7800.0,3.72,68.48,1.1793,69.956076,1307.29,15.158517772773,4.388
2021-08-30,60.31,61.29,60.15,4290.0,2.97,68.93,1.1795,72.04386,1308.94,15.227248284932,4.359
2021-08-31,60.56,61.25,60.26,3090.0,-0.02,68.26,1.1807,72.105349,1308.97,15.301021290382,4.425
2021-09-01,61.14,62.18,60.0,7520.0,-1.06,68.32,1.1837,71.519154,1322.54,15.358634890963,4.663
2021-09-02,60.62,62.03,59.89,1920.0,2.33,69.73,1.1873,73.410759,1325.51,15.515563763303,4.692
2021-09-03,61.69,62.75,61.44,3370.0,-0.32,69.07,1.1882,73.228766,1314.2,15.57812608343,4.762
2021-09-06,62.48,63.47,62.17,2320.0,1.59,68.8,1.1868,74.305548,1326.86,16.06022820566,4.693
2021-09-07,63.03,63.16,61.96,4400.0,-0.53,68.13,1.1839,73.73329199999999,1322.59,16.12292589851,4.615
2021-09-08,62.71,63.61,62.27,4770.0,0.74,69.05,1.1813,74.114762,1312.34,16.10858943464,4.962
2021-09-09,62.55,63.36,62.17,3450.0,0.48,67.92,1.1825,74.54480000000001,1310.8,16.19056284779,5.072
2021-09-10,63.13,63.17,60.95,2940.0,-2.89,69.47,1.1814,72.32530799999999,1308.81,16.374546653299998,4.973
2021-09-13,61.23,62.99,61.2,5210.0,0.25,70.19,1.1808,72.46569600000001,1311.42,16.68649394271,5.273
2021-09-14,61.8,62.25,59.6,7050.0,-1.97,70.23,1.1802,71.00083199999999,1310.78,16.869385186469998,5.305
2021-09-15,60.51,61.71,59.1,5100.0,0.03,72.33,1.1815,71.10267,1298.6,17.10592897312,5.507
2021-09-16,59.61,60.98,58.64,5510.0,-0.91,72.37,1.1764,70.148732,1304.75,17.22869776033,5.382
2021-09-17,59.93,60.48,59.44,6710.0,0.32,71.82,1.1725,70.13895000000001,1294.64,17.288234729164,5.146
2021-09-20,59.59,61.36,58.88,8920.0,2.01,70.14,1.1725,71.54595,1274.15,17.60392496152,5.022
2021-09-21,60.95,61.5,60.21,2430.0,-0.85,70.49,1.1723,70.92415,1291.36,17.630390545877,4.842
2021-09-22,60.64,61.05,60.2,5540.0,0.73,71.89,1.1686,71.214484,1306.13,17.57361717297,4.855
2021-09-23,60.96,61.47,59.5,6070.0,-0.08,72.95,1.1736,71.460504,1318.42,17.22786938556,5.043
2021-09-24,60.85,64.5,60.29,4840.0,3.94,73.61,1.1714,74.137906,1305.63,16.9913517767,5.2
2021-09-27,64.25,65.33,64.0,6050.0,2.26,75.08,1.1694,75.683568,1305.39,16.64515762565,5.731
2021-09-28,65.75,66.0,62.07,8300.0,-3.75,74.9,1.1681,72.760949,1277.87,16.60996116653,5.88
2021-09-29,63.46,63.5,61.74,7270.0,1.59,74.5,1.1595,73.37316,1282.07,16.57327011023,5.595
2021-09-30,63.27,63.27,60.73,5410.0,-1.77,74.7,1.1581,71.987496,1275.93,16.76492967474,5.991
2021-10-01,62.25,64.15,61.53,2890.0,0.47,75.58,1.1594,72.40453000000001,1275.94,16.73984411854,5.763
2021-10-04,63.27,64.9,62.71,3330.0,2.19,77.33,1.1621,74.165222,1266.67,16.23776435794,5.906
2021-10-05,64.25,65.8,64.2,9910.0,2.1,78.57,1.1596,75.559536,1286.31,16.05376534583,6.432
2021-10-06,65.16,65.16,59.35,12720.0,-8.56,77.06,1.1556,68.85064799999999,1269.63,16.08513667732,5.803
2021-10-07,60.18,61.11,58.2,9850.0,2.06,77.96,1.155,70.23555,1291.25,16.39526479466,5.817
2021-10-08,60.49,61.15,58.3,6560.0,-3.37,78.76,1.1567,67.967692,1283.4,16.77723496365,5.71
2021-10-11,58.67,60.66,58.49,2330.0,1.4,79.92,1.1551,68.820858,1284.27,17.91287126473,5.502
2021-10-12,59.52,59.91,58.91,3000.0,-0.4,79.92,1.1527,68.40121800000001,1280.93,18.28639768718,5.663
2021-10-13,59.42,60.54,58.65,5220.0,0.19,79.82,1.1592,68.91444,1291.84,18.67367690609,5.753
2021-10-14,59.79,62.08,59.79,10060.0,3.94,80.77,1.1594,71.639326,1310.91,18.69973739827,5.837
2021-10-15,62.16,62.19,58.62,4220.0,-3.24,81.73,1.16,69.3564,1320.37,18.67916598749,5.6
2021-10-18,58.93,60.0,57.64,4490.0,-1.46,81.69,1.1609,68.400228,1311.86,19.18289210343,5.236
2021-10-19,58.26,58.69,54.45,7930.0,-6.79,82.44,1.1632,63.882944,1315.67,18.93928272648,5.35
2021-10-20,55.48,58.48,55.48,6450.0,5.86,83.42,1.1649,67.727286,1321.73,18.219825230848,5.447
2021-10-21,57.8,58.99,56.9,12640.0,0.4,81.36,1.1621,67.83177699999999,1321.01,17.803908526364,5.346
2021-10-22,58.51,60.53,58.44,4740.0,0.46,82.5,1.1647,68.29800800000001,1331.44,17.72081709859,5.461
2021-10-25,59.51,60.11,58.92,4840.0,1.21,82.61,1.1606,68.88161000000001,1328.3,17.67041310961,6.056
2021-10-26,59.68,60.54,59.14,5470.0,1.36,83.36,1.1595,69.75551999999999,1336.35,17.97831716471,6.003
2021-10-27,60.0,60.45,59.2,4640.0,0.18,81.48,1.1604,69.93730800000002,1333.93,18.5127008646,6.198
2021-10-28,59.73,59.84,58.32,3460.0,-2.21,81.46,1.1679,68.83602599999999,1343.15,18.88357655808,5.871
2021-10-29,59.3,59.87,58.5,6870.0,0.24,81.78,1.1561,68.302388,1343.09,18.877661265007,5.529
2021-11-01,59.41,60.78,57.0,4700.0,-3.03,82.45,1.1606,66.490774,1352.1,17.445599418575,5.305
2021-11-02,57.7,60.0,57.5,15250.0,4.36,82.44,1.1577,69.21888299999999,1353.92,17.5008308468119,5.64
2021-11-03,59.86,60.67,59.42,6880.0,0.6,79.57,1.161,69.83415,1358.3,17.7703777919637,5.78
2021-11-04,59.76,61.76,59.25,5610.0,0.05,77.7,1.1552,69.519936,1366.11,17.958713973289,5.826
2021-11-05,60.23,61.53,59.63,8230.0,-0.75,80.13,1.1566,69.083718,1373.1,18.244579030521,5.626
2021-11-08,60.27,61.43,60.16,10610.0,2.06,80.74,1.1586,70.62825600000001,1372.62,19.400221568339,5.505
2021-11-09,60.35,61.7,60.23,6800.0,-0.34,82.56,1.1591,70.415325,1370.46,19.526784290749,5.07
2021-11-10,60.45,63.58,60.31,8930.0,4.49,80.06,1.1478,72.862344,1369.54,19.622898237352,4.974
2021-11-11,63.12,64.22,62.4,4900.0,0.85,80.42,1.145,73.3029,1371.18,19.761468720329,5.245
2021-11-12,63.98,64.81,63.43,4860.0,-0.69,79.69,1.145,72.7991,1375.85,19.879797811096815,4.88
2021-11-15,63.94,67.27,63.94,9550.0,4.15,79.75,1.1367,75.272274,1382.32,20.8930547733265,5.104
2021-11-16,66.8,68.1,66.57,8170.0,2.43,79.74,1.1319,76.776777,1387.75,21.0953433611935,5.27
2021-11-17,68.15,68.73,67.1,10940.0,-0.56,77.55,1.1319,76.346655,1387.91,20.9907723302465,4.914
2021-11-18,67.57,69.49,66.62,9090.0,2.86,78.41,1.1369,78.87812199999999,1382.0,20.8041034444045,4.995
2021-11-19,69.47,70.1,68.9,6420.0,0.39,75.94,1.1288,78.62092000000001,1372.66,20.630575675294494,5.145
2021-11-22,70.09,71.48,69.59,7510.0,0.82,76.12,1.1234,78.885148,1367.74,20.6584155752,4.861
2021-11-23,70.3,70.93,69.1,12720.0,-1.04,77.94,1.1246,78.148454,1351.77,20.69985820705,5.035
2021-11-24,69.93,73.48,69.25,13300.0,5.38,77.81,1.1197,81.995631,1353.39,21.04588144489,5.114
2021-11-25,73.58,75.37,72.5,13110.0,2.13,77.41,1.1206,83.80967400000002,1362.23,21.52754990002,5.087
2021-11-26,74.38,74.51,70.7,7140.0,-2.23,67.84,1.1317,82.749904,1303.92,21.956016373669,5.477
2021-11-29,74.2,76.06,74.2,13080.0,1.94,69.62,1.1291,84.16311400000001,1312.45,22.865226481269,4.768
2021-11-30,74.12,75.81,73.54,14830.0,1.6,65.85,1.1336,85.847528,1299.21,22.701048246032,4.506
2021-12-01,75.95,78.76,75.6,10850.0,1.94,65.37,1.1319,87.38268,1326.74,22.227283717638,4.188
2021-12-02,76.51,80.35,76.5,15680.0,3.95,66.27,1.1299,90.674475,1307.8,22.056559956367,3.997
2021-12-03,80.41,80.8,78.38,12640.0,-2.01,66.1,1.1313,88.96543199999999,1298.5,21.970651001964,4.073
2021-12-06,79.14,82.17,78.74,15710.0,3.83,69.3,1.1285,92.14202500000002,1314.98,21.476665130514,3.625
2021-12-07,82.3,85.94,82.3,19740.0,4.52,71.84,1.1263,96.11844200000002,1356.77,21.616063226228,3.674
2021-12-08,85.64,91.19,85.51,27840.0,4.77,72.18,1.1342,101.408822,1345.27,21.72972730462,3.774
2021-12-09,90.25,90.75,80.4,29010.0,-9.54,70.79,1.1292,91.329696,1338.73,21.864234575561,3.784
2021-12-10,81.08,84.5,80.48,29310.0,4.32,71.48,1.1311,95.430907,1333.19,21.938042560048,3.889
2021-12-13,84.8,87.4,82.2,18390.0,-1.96,71.06,1.1283,93.332976,1322.64,21.933954304488,3.761
2021-12-14,82.32,83.88,78.9,21060.0,-3.14,70.52,1.1257,90.191084,1311.69,21.931188681857,3.713
2021-12-15,80.35,82.24,80.1,28370.0,1.34,70.66,1.1285,91.622915,1314.7,22.060506914859,3.761
2021-12-16,82.18,86.05,81.12,34660.0,5.57,72.15,1.1328,97.092288,1326.28,21.957063236122,3.715
2021-12-17,85.25,85.25,73.25,42720.0,-13.64,70.72,1.1239,83.19107799999999,1315.69,21.972055536274,3.639
2021-12-20,74.0,81.75,73.42,28040.0,8.2,68.61,1.1275,90.301475,1302.63,22.191963647315,3.758
2021-12-21,80.52,82.85,78.09,18010.0,1.06,70.82,1.1283,91.324602,1325.62,22.61953734713,3.774
2021-12-22,80.07,80.17,75.45,31500.0,-5.08,72.33,1.1324,87.002292,1339.48,23.142949258272,3.86
2021-12-23,77.5,77.75,74.25,19470.0,-3.08,73.42,1.1328,84.348288,1353.32,23.208917065603,3.63
2021-12-24,74.7,76.87,74.51,2380.0,2.48,75.18,1.1317,86.360027,1349.62,22.547043722849,
2021-12-27,75.87,77.13,75.04,3630.0,0.8,75.18,1.1325,87.1119,1360.0,20.89532591989,3.942
2021-12-28,76.8,79.69,76.21,4610.0,3.08,75.6,1.1309,89.66906100000001,1365.65,19.716647583708,3.885
2021-12-29,79.13,80.87,78.11,13840.0,1.35,76.18,1.1348,91.192528,1360.2,18.566289071399,3.85
2021-12-30,80.5,80.65,79.25,8540.0,-0.25,76.61,1.1323,90.765168,1365.34,17.418653702686,3.435
2021-12-31,79.98,81.25,79.55,3690.0,0.61,74.88,1.1368,91.68292,1361.69,16.655599643922,3.557
2022-01-03,79.8,84.4,79.8,9980.0,4.17,75.85,1.1294,94.880894,1372.06,14.904919946646,3.678
2022-01-04,83.95,86.8,83.81,17530.0,1.07,76.74,1.1285,95.820935,1383.49,15.013267419376,3.582
2022-01-05,85.9,88.55,85.27,20640.0,3.14,77.47,1.1313,99.079254,1388.09,15.164341246243,3.71
2022-01-06,87.47,87.8,85.33,13390.0,-0.96,78.88,1.1291,97.938134,1365.23,15.75203943716,3.67
2022-01-07,86.8,87.61,85.21,15830.0,-1.52,78.44,1.1359,97.028578,1363.02,16.777922553117,3.726
2022-01-10,86.12,87.0,79.8,30950.0,-6.24,77.7,1.1324,90.69391600000002,1343.97,19.3684923787743,3.834
2022-01-11,81.4,84.45,80.12,23490.0,1.51,80.67,1.1364,92.38932,1357.31,20.1463554340393,3.968
2022-01-12,82.7,83.24,79.15,20170.0,-1.59,82.02,1.1442,91.54744200000002,1369.84,20.8731573141877,4.327
2022-01-13,80.2,81.43,77.55,25060.0,0.69,81.62,1.1453,92.265368,1369.53,21.40228310611,4.005
2022-01-14,82.05,83.75,81.5,24950.0,1.89,83.3,1.1414,93.686112,1356.84,21.77820415105,4.081
2022-01-17,82.7,82.75,79.88,15800.0,-1.83,83.69,1.1407,91.917606,1361.98,22.267577720333,4.276
2022-01-18,80.4,82.97,79.0,46230.0,2.59,84.83,1.1325,93.623775,1347.57,22.21724712616,4.048
2022-01-19,82.8,82.8,80.8,31780.0,-0.7,85.8,1.1341,93.09826900000002,1349.54,21.991289295719,3.845
2022-01-20,81.34,85.97,80.53,31230.0,4.26,85.55,1.131,96.80229,1358.95,21.82630256136,3.649
2022-01-21,85.21,85.65,83.28,20160.0,-1.31,84.14,1.134,95.78898,1335.09,21.7746777112,3.782
2022-01-24,84.4,86.45,83.02,26650.0,-0.53,82.41,1.1323,95.135846,1282.86,22.158554637698,3.875
2022-01-25,84.3,88.1,83.61,28180.0,4.08,84.37,1.1299,98.809755,1287.71,22.300549381489,3.894
2022-01-26,87.37,90.0,86.63,28000.0,1.38,85.96,1.1237,99.627242,1314.35,22.4284327586493,4.036
2022-01-27,87.9,89.95,87.9,21720.0,1.24,85.29,1.1143,100.019568,1319.57,22.3606819427778,4.283
2022-01-28,89.4,90.63,88.88,19660.0,-0.6,85.43,1.1143,99.417846,1307.99,22.151343070296,4.473
2022-01-31,89.37,89.95,88.1,17720.0,0.02,86.49,1.1233,100.243292,1318.51,20.6005631629755,4.675
2022-02-01,89.74,89.94,87.16,22350.0,0.31,86.46,1.1269,100.880088,1337.19,20.17060719086,4.573
2022-02-02,90.0,94.62,89.6,40360.0,5.24,86.69,1.1303,106.485563,1337.23,20.02688189876,5.044
2022-02-03,94.25,94.94,93.1,22090.0,0.64,88.45,1.1438,108.443678,1313.75,20.299048658531,4.72
2022-02-04,94.89,97.5,94.44,27890.0,1.73,90.33,1.1446,110.39667,1306.44,20.346442646415,4.492
2022-02-07,96.62,96.8,93.7,24300.0,0.26,89.77,1.1442,110.64414,1319.11,20.34127963456,4.198
2022-02-08,97.0,98.49,95.25,30320.0,0.24,87.9,1.1414,110.635902,1319.05,20.217686652224,4.218
2022-02-09,96.29,97.6,90.26,35630.0,-6.33,88.53,1.1422,103.70033800000002,1340.07,20.095676825763,3.98
2022-02-10,91.45,93.42,89.25,28870.0,-0.01,88.56,1.1427,103.734306,1336.23,20.011803305321,3.943
2022-02-11,90.5,93.38,88.5,24980.0,2.3,91.42,1.1349,105.398163,1324.03,20.300290838973,3.935
2022-02-14,93.7,94.0,89.9,23370.0,-1.2,93.5,1.1305,103.73468,1298.61,20.722361981119,4.16
2022-02-15,91.48,92.75,90.31,26150.0,-0.68,90.21,1.1356,103.498584,1315.01,20.788515551159,4.241
2022-02-16,90.29,91.21,87.77,31050.0,-1.4,91.83,1.1373,102.197778,1317.69,20.390480519949,4.572
2022-02-17,89.84,90.45,85.8,31590.0,-3.81,90.04,1.136,98.19584,1311.1,19.712211698096,4.43
2022-02-18,86.16,89.66,86.16,21370.0,3.51,90.21,1.1321,101.288987,1302.45,18.991921115977,4.377
2022-02-21,89.07,90.95,88.02,19950.0,0.23,92.65,1.131,101.42808,1277.17,18.02037957123,4.705
2022-02-22,89.9,90.28,88.1,22310.0,0.1,91.91,1.1325,101.664525,1278.11,17.80424841466,4.461
2022-02-23,89.79,95.56,89.54,30150.0,5.9,90.69,1.1309,107.514663,1275.59,18.037337010672,4.593
2022-02-24,95.0,95.0,86.15,49740.0,-8.46,90.94,1.1191,97.395273,1236.46,18.303929174482,4.641
2022-02-25,88.24,89.7,87.06,20870.0,1.28,89.89,1.1267,99.307338,1275.75,18.585739386803,4.485
2022-02-28,85.94,86.0,80.12,36020.0,-6.73,93.5,1.1219,92.23139899999998,1268.8,20.15273954429,4.42
2022-03-01,82.6,84.43,66.0,78660.0,-16.25,100.21,1.1126,76.60251,1229.68,20.66192936271,4.598
2022-03-02,70.55,70.96,55.0,78460.0,-0.52,107.06,1.1121,76.167729,1243.87,21.09718029707,4.787
2022-03-03,68.7,69.49,63.49,40640.0,-1.66,104.61,1.1064,74.51604,1216.78,21.50686494006,4.736
2022-03-04,66.0,68.74,64.3,35930.0,-3.34,112.11,1.0926,71.12826,1159.76,21.87592920038,5.036
2022-03-07,64.29,64.29,56.82,47750.0,-10.45,115.8,1.0852,63.26716,1150.43,22.28952163207,4.858
2022-03-08,57.4,69.29,56.5,38500.0,17.51,119.65,1.0899,74.66904900000002,1144.44,22.20567748962,4.563
2022-03-09,68.02,74.67,67.22,36120.0,6.82,105.05,1.1075,81.04685,1210.28,22.02906246554,4.561
2022-03-10,72.53,76.68,69.52,32700.000000000004,4.41,102.99,1.0983,83.921103,1182.49,21.755850619951,4.669
2022-03-11,75.93,78.0,73.71,22270.0,0.46,106.3,1.0909,83.73748400000001,1192.11,21.27137727898,4.766
2022-03-14,76.0,81.5,75.81,19370.0,1.98,101.18,1.0939,85.630492,1199.84,20.059650967007,4.702
2022-03-15,77.0,79.15,75.01,24730.0,-1.09,94.79,1.0951,84.793593,1197.16,19.987774897123,4.617
2022-03-16,77.51,79.11,75.25,22570.0,0.94,93.59,1.1032,86.22611199999999,1244.3,19.901803348624,4.784
2022-03-17,79.18,80.19,76.32,23820.0,2.21,101.65,1.1089,88.59002100000001,1251.9,19.850161317653,5.021
2022-03-18,80.0,80.0,78.32,19040.0,-1.25,103.09,1.1055,87.21289499999999,1263.6,19.971523500383,4.902
2022-03-21,78.72,79.74,77.52,13940.0,-0.63,109.97,1.1014,86.338746,1262.45,19.66025154048,4.934
2022-03-22,79.05,81.4,78.61,18470.0,2.91,109.27,1.1027,88.954809,1276.11,19.451498501311,5.227
2022-03-23,80.9,81.3,75.85,30570.0,-5.05,111.99,1.1004,84.29064,1262.35,19.379413550669,5.274
2022-03-24,76.62,79.24,75.9,16430.0,2.14,109.43,1.0996,86.03270399999998,1260.06,19.450989726683,5.446
2022-03-25,78.26,79.06,77.23,18500.0,0.46,111.06,1.0981,86.31066,1261.96,19.37822987306,5.611
2022-03-28,78.7,81.99,77.87,22020.0,2.81,103.42,1.0978,88.71321800000001,1262.57,19.36768062322,5.538
2022-03-29,80.9,81.99,80.17,25580.0,1.1,102.05,1.1085,90.56445,1291.29,19.46494604894,5.33
2022-03-30,81.05,81.62,76.8,37770.0,-4.15,105.68,1.1156,87.362636,1287.18,19.58458824186,5.658
2022-03-31,78.51,80.5,75.35,35660.0,-2.34,98.52,1.1065,84.62512000000001,1270.1,19.45210492917,5.701
2022-04-01,77.0,79.88,76.34,16910.0,2.63,97.9,1.1053,86.75499699999999,1275.21,19.62640180735,5.795
2022-04-04,78.22,79.4,77.14,15610.0,0.01,101.84,1.097,86.11449999999999,1288.42,20.407021989615,5.793
2022-04-05,78.76,78.94,77.44,17900.0,-0.57,100.68,1.0903,85.097915,1276.81,20.311727908942,6.108
2022-04-06,78.01,79.56,76.71,19740.0,-1.11,95.41,1.0893,84.072174,1248.33,19.917376768133,6.107
2022-04-07,77.17,80.4,76.34,19500.0,3.58,95.51,1.0878,86.95873200000001,1240.16,19.46616101553,6.436
2022-04-08,79.63,80.98,79.51,13930.0,0.19,97.73,1.0876,87.10588399999999,1257.96,19.08362368536,6.356
2022-04-11,79.75,80.16,77.55,16219.999999999998,-2.67,93.92,1.0883,84.83298500000001,1250.7,18.046373173379,6.723
2022-04-12,77.65,79.29,76.85,16030.000000000002,1.36,100.15,1.0826,85.536226,1251.79,17.799874984044,6.763
2022-04-13,79.17,79.17,77.23,15190.0,-1.99,103.79,1.0885,84.29344,1255.37,17.787973982464,7.096
2022-04-14,77.38,80.25,77.38,15280.0,3.27,106.38,1.0827,86.583519,1262.52,17.963211923964,7.423
2022-04-19,80.14,80.95,79.52,18380.0,0.29,102.05,1.0786,86.50372,1255.95,16.289581793415998,7.277
2022-04-20,80.44,88.5,79.79,30560.0,9.5,102.19,1.085,95.2847,1273.17,16.29308727377,7.065
2022-04-21,86.5,87.69,85.58,14750.0,-1.57,102.96,1.0836,93.666384,1282.66,16.33700682152,7.096
2022-04-22,85.99,89.89,85.75,22330.0,2.95,101.05,1.0794,96.055806,1258.56,16.50858707276,6.663
2022-04-25,88.09,88.32,82.3,24040.0,-6.21,97.67,1.0711,89.39400599999999,1230.52,17.17393261127,6.805
2022-04-26,84.58,85.25,81.95,22850.0,-0.9,100.41,1.0636,87.970356,1222.53,17.415992680286,6.978
2022-04-27,81.25,81.94,78.8,22300.0,-2.06,100.68,1.0555,85.50605500000002,1227.66,17.61561025603,7.339
2022-04-28,81.48,83.67,79.9,20230.0,2.06,103.47,1.0494,86.76439200000002,1237.83,17.73179027956,6.994
2022-04-29,82.97,85.84,82.29,16070.0,2.14,102.94,1.0541,89.01874500000001,1245.92,18.00424365352,7.355
2022-05-02,83.59,84.9,82.44,10840.0,-1.67,103.42,1.0504,87.225216,1223.13,18.47931872093,7.566
2022-05-03,83.3,89.06,82.72,23530.0,6.2,100.9,1.052,92.77588,1237.61,18.26863318393,8.025
2022-05-04,88.15,89.32,85.97,24450.0,0.14,106.22,1.0621,93.794051,1226.19,18.14734936507,8.472
2022-05-05,88.7,91.99,86.82,27930.0,0.68,106.74,1.054,93.71114,1219.91,18.10920337732,8.841
2022-05-06,89.27,92.45,88.4,23560.0,2.96,108.33,1.0551,96.583854,1199.82,17.98133459755,8.128
2022-05-09,91.37,92.22,86.52,29900.0,-4.94,101.77,1.0555,91.84961,1163.45,17.558058327473,7.106
2022-05-10,87.0,88.69,85.75,20370.0,0.37,98.45,1.0527,91.942818,1169.09,17.168734796123,7.467
2022-05-11,87.51,90.04,81.9,30320.0,1.71,104.03,1.0511,93.369213,1195.85,16.657017270163,7.727
2022-05-12,88.58,89.05,86.71,22740.0,-0.64,104.4,1.0379,91.605054,1182.85,16.298412921837,7.835
2022-05-13,88.07,90.5,87.6,13900.0,0.25,108.63,1.0411,92.116528,1211.74,16.005859105674002,7.765
2022-05-16,87.7,90.35,87.63,14990.0,1.22,111.82,1.0431,93.420036,1210.42,15.422401419278,8.053
2022-05-17,90.4,92.75,89.61,19890.0,2.41,109.63,1.0547,96.737084,1226.54,15.589630940451,8.394
2022-05-18,88.92,90.0,82.77,32160.0,-7.72,107.04,1.0466,88.58422399999999,1214.3,15.73975788233,8.455
2022-05-19,84.57,85.55,80.16,28700.0,-1.72,109.89,1.0586,88.054348,1195.87,15.759802788026,8.4
2022-05-20,83.5,84.2,80.16,19000.0,-3.35,110.28,1.056,84.89184,1200.49,15.81485045879,8.178
2022-05-23,80.16,82.67,77.8,19450.0,-2.79,107.54,1.0689,83.534535,1215.31,15.829935158322,8.827
2022-05-24,78.12,82.66,77.38,19830.0,4.06,107.2,1.0734,87.28888799999999,1195.09,15.7345464072587,8.836
2022-05-25,80.84,82.63,80.29,13830.0,0.1,107.75,1.068,86.93520000000001,1206.68,15.6573344798488,8.993
2022-05-26,81.15,85.21,81.11,23610.0,4.13,111.25,1.0724,90.896624,1224.98,15.2147061240188,8.895
2022-05-27,84.87,85.33,83.45,12450.0,-0.66,112.23,1.0727,90.32134,1242.37,14.9038420679688,8.712
2022-05-30,84.36,85.05,83.09,11270.0,-0.27,117.61,1.0777,90.494469,1251.21,15.417232414821,8.686
2022-05-31,84.0,85.0,83.5,12540.0,0.06,111.91,1.0733,90.178666,1242.42,15.753604279021,8.138
2022-06-01,84.22,87.64,83.81,13340.0,2.45,112.72,1.0646,91.640768,1229.02,16.001845071384,8.686
2022-06-02,86.15,88.64,85.62,8330.0,0.3,114.3,1.0745,92.77233,1237.52,16.510233966122,8.474
2022-06-03,86.34,87.33,85.99,4570.0,0.61,116.23,1.0718,93.107266,1235.19,16.781990414175,8.51
2022-06-06,87.21,87.21,81.23,16410.0,-6.26,116.06,1.0694,87.081242,1249.59,16.0973330989778,9.306
2022-06-07,82.25,82.93,80.63,18470.0,-0.15,117.1,1.0699,86.99356900000001,1242.75,15.85236908645,9.278
2022-06-08,80.92,81.98,79.1,27950.0,-1.84,119.78,1.0714,85.508434,1239.28,15.74940195896,8.679
2022-06-09,80.25,82.2,79.41,19640.0,1.5,119.09,1.0614,85.984014,1222.66,15.75918094802,8.978
2022-06-10,81.09,82.8,80.15,14890.0,1.05,118.12,1.0515,86.07579000000001,1190.66,15.69909486487,8.867
2022-06-13,82.1,82.24,79.81,16780.0,-0.39,118.25,1.0408,84.866832,1156.45,15.54656267473,8.619
2022-06-14,81.82,84.5,81.25,16340.0,3.2,116.26,1.0414,87.63381000000001,1146.61,15.53726227364912,7.18
2022-06-15,83.76,86.98,83.16,18140.0,2.44,113.09,1.0443,90.01866,1163.16,15.53799443369912,7.406
2022-06-16,86.2,86.9,82.15,17930.0,-3.71,115.25,1.0547,87.5401,1127.59,15.42135669977912,7.438
2022-06-17,82.9,84.18,81.8,14470.0,-0.76,107.99,1.0498,86.47202600000001,1127.96,15.48792220570912,6.906
2022-06-20,83.5,85.33,82.9,14280.0,1.98,108.84,1.0509,88.2756,1137.19,15.971118063511,6.713
2022-06-21,84.33,85.43,83.54,14000.0,0.87,109.52,1.0525,89.178325,1143.91,16.020495411661,6.783
2022-06-22,84.5,84.83,81.2,21270.0,-3.36,103.99,1.0565,86.50622,1130.77,16.135384492231,6.872
2022-06-23,81.75,84.25,81.55,16810.0,2.75,101.58,1.0523,88.52999899999999,1123.69,16.428336594631,6.283
2022-06-24,84.28,84.5,83.01,14640.0,-0.83,104.45,1.0554,88.052022,1157.68,16.407623367241,6.281
2022-06-27,84.0,85.74,83.0,15670.0,1.94,106.38,1.0583,90.008415,1164.48,16.491635602317,6.546
2022-06-28,84.32,88.06,83.75,15770.0,2.76,108.89,1.0518,91.92732,1172.77,16.546084690397,6.57
2022-06-29,87.42,90.13,87.11,20930.0,1.09,107.01,1.0439,92.228565,1165.32,16.53897553922,6.493
2022-06-30,88.1,90.33,87.3,18400.0,2.05,103.1,1.0482,94.505712,1145.98,16.65676826021,5.392
2022-07-01,89.32,90.35,85.01,18400.0,-5.08,105.39,1.0428,89.242824,1146.51,16.76254196272,5.712
2022-07-04,85.58,87.17,83.5,14140.0,-1.2,110.4,1.0421,88.109555,1154.07,16.431521738336,5.853
2022-07-05,84.99,84.99,82.52,14860.0,-1.61,96.52,1.0266,85.40285399999999,1124.04,16.221297426017,5.487
2022-07-06,82.98,84.64,82.7,13940.0,0.04,94.98,1.0181,84.726282,1143.07,15.93765717233,5.482
2022-07-07,83.5,85.46,82.76,15020.0,2.04,99.25,1.0159,86.270228,1168.49,15.51528027828,6.262
2022-07-08,84.92,85.0,82.6,13960.0,-2.51,101.53,1.0183,84.305057,1174.54,15.3659476135,5.967
2022-07-11,82.77,84.62,82.7,11900.0,1.9,101.21,1.0039,84.689004,1167.74,15.284049758651,6.319
2022-07-12,84.6,86.06,83.33,16960.0,1.53,93.31,1.0036,85.95834,1172.5,15.283565654551,6.021
2022-07-13,86.01,86.57,83.56,14300.0,-2.09,93.83,1.006,84.36316,1164.78,15.332695888821,6.589
2022-07-14,84.1,84.79,83.26,14520.0,0.13,92.83,1.0016,84.104352,1148.94,15.277990661971,6.511
2022-07-15,83.53,85.74,83.51,14300.0,1.68,94.57,1.0087,86.12280599999998,1168.96,15.300063527461,6.926
2022-07-18,85.5,85.5,83.7,12220.0,-0.52,99.42,1.0141,86.137654,1184.66,15.513382466,7.382
2022-07-19,85.2,85.2,82.8,20970.0,-1.52,100.74,1.0224,85.52376000000001,1203.32,15.55423927044,7.15
2022-07-20,83.6,83.64,78.7,38180.0,-5.75,99.88,1.0177,80.23546800000001,1205.39,15.57993469414,7.899
2022-07-21,79.2,79.8,77.65,31890.0,-0.93,93.78,1.0228,79.890908,1208.94,15.74679112362,7.815
2022-07-22,78.2,79.8,76.0,28560.0,-2.32,92.43,1.021,77.9023,1211.43,15.924828375445,8.195
2022-07-25,76.12,78.42,75.49,22150.0,0.09,94.42,1.022,78.05014000000001,1215.64,15.92132588552,8.571
2022-07-26,76.69,77.5,75.85,19520.0,0.41,92.88,1.0114,77.55415200000002,1213.48,15.952299829789998,8.825
2022-07-27,76.61,77.79,75.78,14500.0,-0.7,95.29,1.0202,77.678028,1224.7,16.040934848322,8.554
2022-07-28,76.25,80.12,76.07,16570.0,3.7,94.65,1.0196,80.507616,1239.58,16.022048713042,8.118
2022-07-29,78.96,79.5,77.54,18600.0,-0.52,96.75,1.0218,80.26239,1255.15,15.960378473312,8.208
2022-08-01,78.5,80.87,78.1,11870.0,2.58,92.39,1.0261,82.683138,1252.07,16.054606698872,8.26
2022-08-02,80.15,82.25,79.64,19580.0,1.7,93.22,1.0164,83.29398,1247.35,15.840518081202,7.698
2022-08-03,81.83,84.1,81.65,14090.0,2.49,89.74,1.0164,85.367436,1261.25,15.60523057737,8.262
2022-08-04,83.6,84.85,83.28,17590.0,0.24,87.56,1.0243,86.235817,1262.02,15.460899736,8.114
2022-08-05,84.31,85.45,83.5,12350.0,0.68,88.08,1.0181,86.294156,1253.89,15.25815715332,8.051
2022-08-08,85.0,85.5,83.65,12980.0,-1.12,89.93,1.0195,85.44429500000001,1263.55,14.90346179976,7.578
2022-08-09,84.18,86.08,83.95,12990.0,2.53,89.67,1.0211,87.743123,1254.72,14.87586524137,7.825
2022-08-10,85.5,86.3,84.25,14480.0,-0.01,91.2,1.0297,88.47182400000001,1262.16,14.8214955129,8.193
2022-08-11,85.98,88.03,85.35,15570.0,1.9,93.53,1.0317,90.325335,1268.34,14.63690331118,8.863
2022-08-12,86.9,89.25,86.82,16550.0,1.51,91.46,1.0258,91.162846,1269.1,14.5490779149802,8.744
2022-08-15,89.35,90.87,88.5,14700.0,2.15,88.85,1.016,92.23248,1272.12,14.4386274522702,8.712
2022-08-16,90.07,92.66,90.07,18190.0,1.43,86.16,1.017,93.64535999999998,1276.57,14.4459131801802,9.311
2022-08-17,92.35,96.44,92.23,18640.0,4.04,87.69,1.018,97.5244,1265.93,14.5225255047088,9.228
2022-08-18,96.25,97.49,92.7,19870.0,0.25,90.11,1.0088,96.885152,1271.35,14.6444793901488,9.17
2022-08-19,96.3,99.22,95.6,14810.0,2.05,90.44,1.0034,98.343234,1261.05,14.7412667046986,9.315
2022-08-22,98.5,98.69,90.85,20610.0,-5.96,90.36,0.9941,91.626197,1243.37,14.9221509291886,9.647
2022-08-23,92.51,94.19,88.85,20110.0,-3.12,93.25,0.9967,88.995343,1245.26,15.0538076749786,9.155
2022-08-24,90.0,91.39,88.37,16690.0,-0.06,94.4,0.9965,88.92766,1251.04,15.184879875122,9.3
2022-08-25,89.2,90.66,87.2,15310.0,0.08,92.19,0.9974,89.077794,1254.12,15.285520502172,9.344
2022-08-26,89.04,90.49,88.06,12410.0,1.12,92.39,0.9961,89.957791,1234.99,15.394269768968,9.269
2022-08-29,90.5,90.5,85.69,13820.0,-4.04,96.19,0.9995,86.61667,1223.17,15.804159559828,9.336
2022-08-30,86.28,86.89,79.92,30590.0,-6.75,91.17,1.0012,80.90697200000001,1212.68,15.936485999248,9.103
2022-08-31,81.06,81.61,79.0,22950.0,-0.97,89.03,1.0057,80.486171,1196.28,16.057910636186,9.189
2022-09-01,80.41,81.35,77.45,28260.0,0.95,86.22,0.9944,80.337576,1176.57,16.322518881766,9.33
2022-09-02,80.75,81.22,77.45,19110.0,-3.59,86.48,0.9951,77.50833899999999,1198.92,16.542329791173,8.85
2022-09-05,77.49,77.49,73.7,29610.0,-4.42,88.96,0.9926,73.89907000000001,1191.56,16.677437252573,8.714
2022-09-06,74.0,74.71,69.2,36850.0,-6.14,86.51,0.9902,69.19517599999999,1188.38,16.738139405273,8.212
2022-09-07,69.51,71.11,68.0,28870.0,-1.22,81.63,0.9999,69.023097,1183.2,16.850452638893,7.901
2022-09-08,69.31,69.31,66.0,24730.0,-2.59,83.07,0.9994,67.19965599999999,1187.99,16.840266130993,7.971
2022-09-09,67.05,67.95,65.55,19890.0,-1.73,86.36,1.0039,66.337712,1205.38,16.84642090585,8.044
2022-09-12,65.99,72.62,65.73,22240.0,8.69,87.41,1.0119,72.674658,1225.79,17.445951743806,8.287
2022-09-13,71.99,72.44,68.01,24200.0,-2.88,86.89,0.997,69.54075,1207.59,17.4902069881726,8.334
2022-09-14,70.49,73.8,68.41,21270.0,4.0,88.05,0.9977,72.373158,1202.89,17.5350445859505,9.167
2022-09-15,72.38,72.55,70.0,27110.0,-0.95,84.65,0.9999,71.842815,1191.23,17.4948975161975,8.372
2022-09-16,71.85,73.93,71.11,15440.0,1.98,84.76,1.0015,73.379905,1174.87,17.2461007529983,7.811
2022-09-19,73.32,73.8,70.15,18640.0,-2.96,85.36,1.0022,71.25641999999999,1174.17,16.7027776020626,7.804
2022-09-20,70.55,73.0,70.26,14610.0,0.06,83.94,0.997,70.92658,1161.1,16.96062337196,7.772
2022-09-21,71.79,71.79,69.1,16730.0,-1.9,82.43,0.9837,68.65242300000001,1171.69,17.1599326134361,7.827
2022-09-22,69.9,71.12,69.01,12490.0,0.93,83.03,0.9836,69.284784,1151.54,17.4335303668651,7.193
2022-09-23,70.01,70.3,65.35,22610.0,-6.63,78.25,0.969,63.73112999999999,1119.8,17.939313210701002,6.992
2022-09-26,65.15,71.95,64.1,20570.0,6.93,76.18,0.9606,67.558998,1119.1,18.656239806746,7.014
2022-09-27,70.33,71.1,67.37,16530.0,-3.37,77.81,0.9592,65.187232,1119.8,18.500002552016,6.76
2022-09-28,67.8,68.27,64.37,24120.0,-4.13,81.24,0.9734,63.41701000000001,1119.3,18.456362893238,6.955
2022-09-29,65.53,66.86,64.14,19930.0,0.89,80.42,0.9814,64.507422,1101.23,18.527583344724,7.142
2022-09-30,64.86,68.66,64.86,16140.0,1.52,78.72,0.9799,65.388727,1113.98,18.420769261749,7.065
2022-10-03,66.55,66.73,64.25,14310.0,-1.18,82.7,0.9824,64.779456,1124.3,17.65744366454,6.803
2022-10-04,66.62,68.35,65.4,19880.0,1.49,85.5,0.9983,66.806236,1167.54,17.576528977647,7.174
2022-10-05,67.72,71.36,66.54,19790.0,0.22,86.84,0.9882,66.27857399999999,1156.86,17.065713628747,7.236
2022-10-06,66.89,69.49,65.5,15700.0,2.82,87.59,0.9788,67.498048,1149.93,16.543954776894,7.242
2022-10-07,69.2,70.39,67.63,15420.0,1.29,91.35,0.9741,68.04088499999999,1133.21,16.282176087014,7.047
2022-10-10,68.98,69.4,65.71,17060.0,-4.41,89.84,0.97,64.76689999999999,1126.0,16.795900957019,6.784
2022-10-11,66.9,67.4,65.65,16720.0,-0.64,87.97,0.9703,64.369702,1119.72,17.07094982083,6.928
2022-10-12,66.4,68.64,65.01,21020.0,0.56,86.06,0.9704,64.735384,1114.09,17.67108106028,6.766
2022-10-13,66.37,69.5,65.75,26080.0,3.19,87.95,0.9773,67.277332,1124.25,18.184750219553,7.053
2022-10-14,68.72,69.0,67.12,13340.0,-1.19,84.65,0.9719,66.108638,1127.81,18.517680862773,6.827
2022-10-17,68.01,68.63,66.26,16570.0,-0.75,84.53,0.9838,66.41633800000001,1147.23,18.126611306082,6.479
2022-10-18,67.29,68.39,66.51,18000.0,0.39,82.07,0.9852,66.767004,1150.95,17.969087362272,6.237
2022-10-19,67.25,69.69,66.99,19130.0,-0.71,84.52,0.9771,65.749059,1148.26,17.739334326752,5.928
2022-10-20,67.23,67.88,66.54,18010.0,-0.62,84.51,0.9783,65.418921,1158.8,17.45126584591,5.838
2022-10-21,66.71,69.42,66.66,12840.0,2.77,83.95,0.986,67.75792,1154.11,17.32270896619,5.472
2022-10-24,69.0,72.66,67.64,23320.0,5.24,83.59,0.9874,71.408768,1163.8,17.35224712972,5.753
2022-10-25,72.41,77.8,71.99,31490.0,6.62,84.31,0.9964,76.832404,1184.6,17.20937306382,6.166
2022-10-26,77.25,78.87,74.9,22980.0,-1.71,86.68,1.0077,76.37358300000001,1189.32,17.07963075846,6.119
2022-10-27,75.26,81.0,74.9,26460.0,5.83,87.83,0.9962,79.90520199999999,1191.26,16.89159741234,5.875
2022-10-28,80.27,82.58,80.01,18870.0,1.25,86.61,0.9963,80.909523,1191.98,16.570841285717,5.953
2022-10-31,81.77,82.0,78.15,13800.0,-1.53,85.4,0.9883,79.034351,1194.14,16.483060836797,6.607
2022-11-01,79.78,80.69,75.69,20000.0,-4.06,87.19,0.9874,75.753328,1205.29,16.02178173183,6.08
2022-11-02,77.16,78.57,76.08,13910.0,-0.03,88.86,0.9817,75.29639,1194.23,15.95117309258,6.589
2022-11-03,76.63,78.2,75.36,26290.0,-0.55,87.18,0.9751,74.380628,1186.33,16.16306469252,6.33
2022-11-04,76.5,79.5,76.17,20660.0,0.1,91.45,0.996,76.05456,1216.2,16.60070675326,6.754
2022-11-07,76.36,78.2,75.54,17480.0,1.48,90.73,1.0019,77.637231,1219.18,17.15655151746,7.244
2022-11-08,77.75,77.79,75.55,22830.0,-1.85,88.0,1.0072,76.60763200000001,1223.9,17.56213099355,6.524
2022-11-09,76.06,76.94,72.55,37960.0,-4.34,85.0,1.0011,72.84003600000001,1216.92,17.71708059966,6.225
2022-11-10,72.5,74.29,70.5,27270.0,0.4,85.66,1.0208,74.56943999999999,1245.75,17.792607821718,6.613
2022-11-11,73.33,76.54,73.05,20330.0,3.82,88.16,1.0352,78.509568,1254.9,17.612988779946,6.263
2022-11-14,75.69,76.0,74.59,20130.0,-0.8,85.16,1.0325,77.674975,1257.38,18.59692227122,6.299
2022-11-15,75.03,77.25,74.0,20440.0,1.89,86.25,1.0348,79.31742,1266.76,19.025158952946,6.395
2022-11-16,77.0,77.41,73.08,30680.0,-4.23,85.0,1.0392,76.28767199999999,1256.98,19.177225983114,6.607
2022-11-17,73.55,74.71,71.89,21450.0,-1.38,81.4,1.036,75.00640000000001,1251.62,19.170217958889,6.744
2022-11-18,72.38,73.99,71.95,19320.0,0.1,80.11,1.0324,74.818028,1260.1,19.585258552609,6.716
2022-11-21,72.44,75.18,71.68,15860.0,2.5,80.04,1.0241,76.070148,1256.95,20.432398189816,7.223
2022-11-22,74.7,74.7,73.44,12480.0,-0.55,80.73,1.0302,76.100874,1266.02,20.548643928765,7.406
2022-11-23,74.07,76.88,73.61,14450.0,2.71,78.07,1.0395,78.86686500000002,1273.2,20.764739556802,7.708
2022-11-24,76.05,78.75,75.64,14090.0,3.72,77.95,1.0408,81.90055199999999,1278.56,21.149404704182,7.177
2022-11-25,78.71,79.76,78.1,11480.0,0.36,76.43,1.0395,82.089315,1279.45,21.277146323548,7.33
2022-11-28,78.92,79.0,76.92,17250.0,-0.48,77.33,1.0337,81.238483,1272.19,21.153277584839,7.196
2022-11-29,78.86,81.5,78.05,13530.0,3.56,78.28,1.0327,84.051453,1273.33,21.613723610629,7.084
2022-11-30,81.12,85.25,80.81,26550.0,4.31,80.66,1.0405,88.33845000000001,1286.93,22.256096345832,6.818
2022-12-01,84.63,88.69,83.91,22090.0,-0.02,81.14,1.0522,89.31073599999999,1292.77,22.612440722146,6.631
2022-12-02,85.03,87.98,84.45,16950.0,3.65,80.05,1.0538,92.713324,1289.73,22.938940416232,6.169
2022-12-05,87.85,88.28,85.4,18110.0,-0.92,77.08,1.0491,91.450047,1281.96,23.4992913445931,5.484
2022-12-06,87.13,89.48,86.0,19770.0,1.65,74.46,1.0469,92.765809,1277.21,23.443817311457,5.378
2022-12-07,88.29,88.67,86.13,20680.0,-0.47,72.28,1.0505,92.643595,1268.6,23.255763981851,5.617
2022-12-08,88.15,89.54,87.62,17000.0,0.84,71.58,1.0556,93.87450800000002,1269.51,23.25317326021,5.82
2022-12-09,88.65,89.16,86.75,15170.0,-1.35,71.21,1.053,92.37969,1274.72,23.26731226727471,6.082
2022-12-12,87.5,90.41,87.4,17500.0,2.37,73.28,1.0535,94.614835,1269.15,24.060062186479,6.416
2022-12-13,90.15,90.15,87.16,21220.0,-0.91,75.44,1.063,94.59637,1289.3,24.320459996049,6.733
2022-12-14,88.44,89.4,84.76,24190.0,-3.15,77.31,1.0682,92.068158,1285.98,24.537182172431,6.22
2022-12-15,86.19,87.64,85.0,19650.0,-1.15,76.15,1.0626,90.53352,1248.65,24.739982690706,6.589
2022-12-16,85.24,86.33,83.07,14700.0,-1.78,74.46,1.0582,88.55017600000001,1234.59,24.87489489632,6.303
2022-12-19,86.57,86.65,83.85,1110.0,1.21,75.38,1.0605,89.813745,1238.09,23.847878006968,5.71
2022-12-20,84.6,88.02,83.85,730.0,2.57,76.23,1.0621,92.264627,1233.11,22.923142059191,5.216
2022-12-21,86.22,86.22,84.25,1740.0,-1.46,78.24,1.0603,90.76168,1255.86,22.090335052807,5.238
2022-12-22,85.71,87.95,84.95,490.0,1.46,77.42,1.0593,92.00020499999998,1243.81,21.189982911188,4.928
2022-12-23,87.46,88.05,86.08,330.0,0.0,79.64,1.0614,92.18259,1241.78,20.187770309437,4.98
2022-12-27,85.92,88.5,85.55,300.0,-0.89,79.64,1.0638,91.571904,1247.72,16.45012348456,5.118
2022-12-28,86.02,86.02,83.85,900.0,-2.27,79.08,1.0608,89.245104,1238.53,15.80021262653,4.685
2022-12-29,83.85,83.85,81.87,470.0,-2.1,78.5,1.0661,87.803996,1250.3,15.16451128646,4.117
2022-12-30,82.0,82.8,78.23,1800.0,-3.59,80.45,1.0702,84.97388000000001,1231.6,14.62752187956,4.104
2023-01-02,80.17,83.68,80.17,210.0,5.38,80.47,1.0662,89.208954,1252.02,14.51033255818,4.143
2023-01-03,83.0,83.0,79.49,910.0,-3.88,77.12,1.0546,84.810932,1257.36,14.89101353387,3.641
2023-01-04,80.29,80.29,75.24,750.0,-6.24,73.1,1.0599,79.91646000000001,1279.1,15.07234232997,3.78
2023-01-05,75.35,77.43,74.85,840.0,1.11,73.92,1.052,80.20448,1275.73,15.48547655965,3.426
2023-01-06,76.0,77.33,75.0,430.0,-0.91,74.04,1.0644,80.41542,1294.31,15.780936819212,3.392
2023-01-09,74.8,79.58,74.8,1210.0,4.7,74.92,1.0728,84.85847999999999,1307.86,16.772630720405,3.563
2023-01-10,79.74,79.79,77.94,1750.0,-0.91,75.37,1.0734,84.13309199999999,1300.12,16.850428578979,3.314
2023-01-11,78.25,79.11,76.24,1410.0,-2.22,77.68,1.0755,82.42631999999999,1310.35,17.062121225842,3.346
2023-01-12,76.73,77.9,76.25,110.0,1.46,78.65,1.0846,84.338496,1318.53,16.995580313512,3.355
2023-01-13,77.49,78.0,75.82,480.0,-0.72,80.11,1.0828,83.59216,1326.9,17.102718882613,3.196
2023-01-16,76.8,76.98,75.07,730.0,-2.76,79.04,1.0816,81.19571199999999,1328.82,17.424775672806,3.675
2023-01-17,75.25,77.7,74.75,560.0,2.85,80.45,1.0788,83.29414799999999,1335.08,17.803100590078,3.253
2023-01-18,76.9,81.42,76.85,1030.0,5.45,79.8,1.0792,87.868464,1334.94,18.437892675799,3.111
2023-01-19,80.89,82.73,80.78,690.0,0.54,80.61,1.0827,88.629822,1310.6,19.254713414221,3.124
2023-01-20,81.92,82.72,81.01,840.0,0.9,81.64,1.0855,89.66229999999999,1318.01,20.22508327195,3.036
2023-01-23,82.59,83.32,81.7,440.0,-0.97,81.93,1.0868,88.90024,1328.43,22.6416880182317,3.222
2023-01-24,81.93,82.21,79.1,650.0,-2.67,80.44,1.0885,86.66637,1328.06,23.084564068917,3.057
2023-01-25,79.46,82.4,78.9,300.0,3.34,80.44,1.0915,89.80861999999999,1323.3,23.413338006725,2.915
2023-01-26,82.19,86.9,81.65,950.0,5.51,81.28,1.0889,94.527409,1332.27,23.629096270883,2.848
2023-01-27,86.81,88.0,86.37,1190.0,0.15,79.96,1.0867,94.477698,1334.51,23.593936247977,2.849
2023-01-30,87.05,87.56,85.84,1540.0,0.31,78.18,1.0844,94.570524,1327.19,22.86230730231,2.731
2023-01-31,87.18,90.33,86.43,2810.0,3.35,79.17,1.0862,97.899206,1327.37,22.19171368656,2.741
2023-02-01,90.0,94.26,90.0,610.0,2.8,76.73,1.0989,101.813085,1327.87,21.40585673343,2.536
2023-02-02,92.8,93.96,89.23,1060.0,-2.16,76.2,1.091,98.89915,1343.86,20.875281303771,2.522
2023-02-03,91.82,92.98,90.41,750.0,0.28,73.74,1.0793,98.10837,1356.04,20.2999749742508,2.48
2023-02-06,90.44,92.34,87.8,440.0,-3.23,74.47,1.073,94.38107999999998,1337.71,20.34083857989,2.535
2023-02-07,88.2,88.36,86.5,290.0,-0.07,77.39,1.0723,94.25517,1337.09,21.0253336854,2.664
2023-02-08,87.2,88.96,86.7,140.0,-0.35,78.69,1.0709,93.800131,1336.46,21.755080152721,2.477
2023-02-09,87.6,89.92,87.23,530.0,1.03,78.27,1.0736,95.002864,1349.63,22.193735796673,2.492
2023-02-10,88.0,90.44,88.0,1210.0,2.2,79.92,1.0675,96.5447,1340.39,22.575333521047,2.607
2023-02-13,90.1,90.63,89.0,240.0,-1.21,80.33,1.072,95.7832,1354.91,22.591944592399,2.499
2023-02-14,90.25,90.25,87.24,750.0,-0.82,79.24,1.0735,95.13357,1354.57,22.393862459227,2.652
2023-02-15,88.51,91.58,88.1,2060.0,3.26,78.83,1.0689,97.815039,1367.94,22.205605926537,2.555
2023-02-16,91.68,95.13,91.68,560.0,3.96,78.74,1.0668,101.484684,1375.1,21.884738343528,2.485
2023-02-17,94.95,95.42,92.55,600.0,-1.89,76.55,1.0694,99.807102,1366.91,21.25345497955,2.352
2023-02-20,94.63,96.7,93.96,680.0,1.91,77.3,1.0682,101.596502,1365.3,19.383108426815,2.324
2023-02-21,95.43,97.99,94.0,530.0,2.11,76.36,1.0646,103.393952,1358.19,18.9273071242854,2.177
2023-02-22,97.12,97.12,93.36,260.0,-3.78,74.19,1.0601,99.066345,1355.19,18.810146250161,2.298
2023-02-23,93.47,94.98,93.26,800.0,0.42,75.6,1.0595,99.42348,1358.05,18.872526872651,2.432
2023-02-24,94.93,96.03,94.1,240.0,1.01,76.47,1.0546,99.965534,1336.64,19.226016510328,2.548
2023-02-27,95.64,96.94,95.31,550.0,2.23,75.81,1.0607,102.78183,1355.47,20.636033028658,2.853
2023-02-28,96.9,97.2,95.88,1010.0,-1.05,77.19,1.0576,101.402688,1349.62,21.118593754682,2.863
2023-03-01,96.1,96.26,93.52,390.0,-2.17,77.83,1.0665,100.0377,1344.02,21.523052645119,2.943
2023-03-02,94.77,95.0,89.87,400.0,-3.94,78.31,1.0596,95.46996,1354.51,21.9456922211001,2.899
2023-03-03,90.0,90.17,88.47,710.0,-0.92,79.79,1.0632,94.911864,1365.25,22.5384955338571,3.141
2023-03-06,90.5,91.35,89.05,520.0,0.77,80.56,1.0678,96.059288,1367.27,23.633087108167,2.73
2023-03-07,91.12,93.59,91.11,1280.0,3.23,77.72,1.0547,97.949989,1356.72,23.477964266257,2.84
2023-03-08,93.52,95.73,93.5,3120.0,2.04,76.81,1.0544,99.914944,1356.36,23.15424539574,2.713
2023-03-09,95.75,96.64,93.86,1560.0,0.68,75.84,1.058,100.9332,1353.1,22.6062712085,2.683
2023-03-10,95.53,96.93,95.3,2420.0,1.5,76.78,1.0643,103.056169,1337.47,21.85304862577,2.559
2023-03-13,96.3,96.3,92.37,2060.0,-3.97,74.91,1.0729,99.768971,1303.23,19.36379708538,2.726
2023-03-14,92.91,93.54,89.55,1150.0,-3.51,71.49,1.0732,96.298236,1324.28,18.649270677389,2.69
2023-03-15,90.36,91.23,86.53,1930.0,-3.43,67.74,1.0575,91.632375,1281.21,18.378094588152,2.546
2023-03-16,88.3,88.3,83.71,2790.0,-1.59,68.52,1.0605,90.428835,1302.93,18.015026859855,2.626
2023-03-17,85.68,87.07,83.43,640.0,0.35,66.93,1.0666,91.268962,1289.39,17.780358667922002,2.446
2023-03-20,83.7,86.0,82.13,2390.0,-0.46,67.82,1.0719,91.304442,1303.56,18.285068461015,2.331
2023-03-21,86.16,88.4,85.69,2190.0,2.58,69.67,1.0767,94.082046,1319.26,18.533324734473,2.485
2023-03-22,87.1,87.68,85.5,2030.0,-0.86,71.02,1.0855,94.036865,1325.34,17.894337465353,2.307
2023-03-23,87.45,90.4,87.45,1510.0,4.1,70.12,1.083,97.66494,1329.53,17.462498659546,2.283
2023-03-24,89.96,91.02,84.18,1110.0,-5.3,69.41,1.0759,91.88186000000002,1307.7,17.075596451513,2.361
2023-03-27,88.02,89.19,86.73,13640.0,3.2,72.93,1.0796,95.145148,1316.25,16.26536996924,2.215
2023-03-28,87.62,90.56,87.62,15630.0,1.44,73.34,1.0843,96.93642,1317.69,16.32364829076,2.147
2023-03-29,89.47,91.1,89.33,12360.0,0.69,73.12,1.0843,97.608686,1337.57,16.62214544138,2.184
2023-03-30,90.43,91.76,89.55,15570.0,0.87,74.49,1.0901,98.98108,1350.53,16.70039687201,2.358
2023-03-31,90.93,92.89,90.71,14190.0,1.05,75.8,1.0839,99.447825,1360.26,16.8615325064,2.465
2023-04-03,91.75,96.16,91.69,15340.0,4.63,80.44,1.0895,104.59199999999998,1365.46,17.09088153742,2.333
2023-04-04,96.0,97.35,94.63,15770.0,-1.06,80.72,1.0952,104.022096,1363.6,17.222807021902,2.344
2023-04-05,94.97,98.0,94.78,17830.0,2.14,80.63,1.0903,105.77000300000002,1357.46,17.646875351323,2.381
2023-04-06,97.0,97.9,96.0,12460.0,-0.27,80.68,1.092,105.651,1359.08,18.168462338206,2.238
2023-04-11,96.75,98.43,96.72,12460.0,0.74,81.49,1.091,106.33977,1367.95,17.219378205298998,2.351
2023-04-12,97.53,98.21,95.09,16890.0,-1.23,83.09,1.0989,105.791103,1363.78,16.607294142142,2.267
2023-04-13,96.15,96.5,93.1,14930.0,-1.95,82.04,1.1044,104.244316,1376.31,16.346554575684,2.197
2023-04-14,94.39,94.99,93.16,11550.0,-0.3,82.43,1.1,103.521,1381.52,16.42077681106,2.305
2023-04-17,94.14,94.75,92.16,11400.0,-1.28,80.83,1.0926,101.513466,1378.38,17.169542178164,2.444
2023-04-18,92.98,95.6,92.33,14370.0,2.41,80.9,1.0971,104.389065,1383.42,17.413607688802,2.517
2023-04-19,95.3,96.47,94.18,12800.0,-0.8,79.24,1.0954,103.394806,1383.21,17.438324561266,2.395
2023-04-20,94.45,94.66,91.18,18420.0,-2.81,77.37,1.0967,100.611258,1382.56,17.490971032569,2.427
2023-04-21,91.95,92.41,89.25,16350.000000000002,-2.05,77.71,1.0987,98.729182,1387.71,17.239789951651,2.408
2023-04-24,90.11,90.11,87.59,17790.0,-1.45,78.6,1.1041,97.779096,1386.4,16.465481912569,2.471
2023-04-25,88.58,88.91,86.53,20940.0,-1.98,76.87,1.0972,95.247932,1376.87,16.521657237488,2.437
2023-04-26,86.9,87.0,85.16,19490.0,-0.66,74.19,1.104,95.20896,1365.77,16.79954298251,2.305
2023-04-27,85.94,87.9,85.4,18540.0,0.51,74.58,1.1027,95.582036,1368.7,16.85286779675,2.548
2023-04-28,86.49,88.11,86.13,11920.0,1.12,76.61,1.102,96.5903,1372.9,16.93122975516,2.578
2023-05-01,87.39,88.36,85.5,4520.0,-2.3,75.51,1.0975,93.978925,1353.22,16.659257312316,2.498
2023-05-02,85.66,90.82,85.42,21010.0,3.37,71.55,1.0999,97.363148,1353.22,16.629980510625998,2.417
2023-05-03,89.0,89.35,84.0,24910.0,-3.81,68.55,1.1059,94.167385,1355.39,16.311737463826,2.36
2023-05-04,85.29,85.71,83.25,17530.0,-0.76,68.51,1.1011,93.04295,1350.26,15.975134411656,2.297
2023-05-05,84.66,86.9,84.3,12000.0,0.54,71.27,1.1017,93.60043199999998,1368.82,15.809929372636,2.321
2023-05-08,85.0,85.99,84.5,6330.0,0.74,73.07,1.1004,94.183236,1372.87,16.154432119808,2.412
2023-05-09,85.57,87.75,85.2,14240.0,2.24,73.62,1.096,95.91096000000002,1363.1,15.954707078518,2.427
2023-05-10,87.69,89.75,87.2,16360.0,1.77,72.52,1.098,97.78788000000002,1360.26,16.060763577338,2.336
2023-05-11,89.22,90.12,87.68,16420.0,-0.55,70.88,1.0914,96.665298,1360.84,16.383016302378998,2.345
2023-05-12,88.54,89.67,88.14,9380.0,0.41,70.02,1.0848,96.471264,1366.85,16.458052875339,2.438
2023-05-15,88.5,89.19,86.13,15990.0,-2.01,71.09,1.0872,94.738608,1369.54,16.37143719656,2.542
2023-05-16,87.14,89.2,86.66,13110.0,2.05,70.84,1.0861,96.586873,1366.42,16.285148438268,2.534
2023-05-17,88.77,89.75,87.55,11440.0,-1.0,72.89,1.0839,95.42655600000002,1366.81,16.140409919446,2.509
2023-05-18,88.49,90.21,87.92,9130.0,1.83,71.94,1.0769,96.544085,1374.47,15.755863077025,2.715
2023-05-19,89.66,91.24,89.33,12790.0,-0.25,71.69,1.0802,96.602286,1380.62,15.528341923318,2.707
2023-05-22,89.43,89.71,86.77,15350.0,-2.44,72.05,1.0811,94.325975,1378.99,14.769558949025,2.551
2023-05-23,87.4,87.72,85.36,16120.000000000002,-1.66,72.85,1.0768,92.38944,1366.47,14.594550965785,2.489
2023-05-24,85.81,86.26,84.55,13800.0,-1.18,74.29,1.0748,91.132292,1344.5,14.597422240435,2.566
2023-05-25,85.03,85.15,82.63,20740.0,-2.55,71.93,1.0719,88.571097,1340.95,14.555805919705,2.476
2023-05-26,82.75,83.37,81.94,14760.0,0.61,72.76,1.0724,89.148612,1357.77,14.384986594045,2.417
2023-05-29,83.01,84.46,82.67,4740.0,-0.16,72.87,1.0705,88.8515,1353.39,14.24561360538,2.349
2023-05-30,83.05,83.34,80.36,24550.0,-3.16,69.6,1.0733,86.27185399999999,1338.14,14.22319616687,2.416
2023-05-31,80.45,81.97,79.32,21920.0,0.49,68.24,1.0688,86.32697599999999,1318.32,13.995335658278,2.358
2023-06-01,80.78,81.1,78.47,22480.0,-2.25,70.2,1.0761,84.95809500000001,1328.3,14.031006653038,2.273
2023-06-02,78.95,80.47,78.52,15520.0,-0.54,71.84,1.0706,84.06351199999999,1351.29,14.06613612435,2.299
2023-06-05,79.05,83.25,78.01,23970.0,5.53,72.26,1.0712,88.759632,1342.41,14.33815007224,2.366
2023-06-06,83.0,83.48,80.28,17910.0,-1.47,71.85,1.0691,87.281324,1343.27,14.49481686173,2.381
2023-06-07,81.64,84.19,80.1,18610.0,2.72,72.64,1.0697,89.705042,1344.06,14.81798903384,2.433
2023-06-08,83.99,84.95,82.63,15100.0,-0.61,71.44,1.0781,89.859635,1346.99,14.31950910133,2.434
2023-06-09,83.75,87.3,83.5,17410.0,3.35,70.33,1.0747,92.574658,1345.81,14.2667331436,2.331
2023-06-12,86.75,88.46,84.88,17450.0,2.41,67.29,1.0757,94.898254,1350.48,14.09677151293,2.336
2023-06-13,88.0,91.03,86.91,30350.0,2.83,69.58,1.0791,97.895952,1361.51,14.20023820096,2.407
2023-06-14,90.46,93.99,89.91,28120.0,3.2,68.46,1.0831,101.399822,1368.32,14.1453419285,2.413
2023-06-15,93.51,95.18,91.51,29190.0,-0.74,70.81,1.0945,101.711885,1365.99,14.35729601228,2.609
2023-06-16,92.92,93.18,90.5,19810.0,-1.09,71.93,1.0933,100.496136,1376.19,14.69833752209,2.721
2023-06-19,91.7,93.65,90.3,15150.0,1.43,71.31,1.0922,101.825806,1363.98,15.17418495765,2.643
2023-06-20,93.09,96.0,92.85,23510.0,1.37,71.19,1.0916,103.167116,1355.81,15.40057251525,2.57
2023-06-21,94.41,95.4,90.39,27350.0,-3.87,72.52,1.0984,99.78964,1350.64,15.60358912852,2.677
2023-06-22,90.2,91.2,88.33,18310.0,0.11,69.63,1.0956,99.64482,1344.4,15.71867995526,2.704
2023-06-23,90.9,90.9,87.55,14050.0,-3.74,69.32,1.0889,95.333195,1334.61,15.61993231267,2.843
2023-06-26,87.69,89.65,85.89,16580.0,-1.21,69.54,1.0904,94.308696,1338.25,15.25933379284,2.892
2023-06-27,86.49,89.17,85.8,14660.0,3.01,67.9,1.0959,97.633731,1344.32,15.32430770678,2.789
2023-06-28,89.67,89.7,86.98,13960.0,-0.99,69.73,1.0911,96.24593099999998,1356.63,15.511361468466,2.668
2023-06-29,87.34,88.82,87.24,12330.0,-0.09,70.02,1.0864,95.744432,1361.13,15.414920189238,2.691
2023-06-30,88.1,89.61,87.11,12880.0,1.63,70.78,1.091,97.72087,1373.75,15.480329752979,2.774
2023-07-03,89.12,89.83,87.18,13060.0,-2.22,69.91,1.0911,95.558538,1376.2,15.015794984451,2.702
2023-07-04,87.41,88.1,86.68,10260.0,0.13,71.06,1.0877,95.380413,1376.01,14.657309503195,2.751
2023-07-05,87.06,87.32,85.71,15080.0,-2.14,71.88,1.0851,93.112431,1364.28,13.958180152774,2.643
2023-07-06,85.7,86.45,85.33,14120.0,0.56,71.79,1.0887,93.943923,1326.45,13.693179926997,2.599
2023-07-07,86.05,87.85,85.83,12120.0,-0.16,73.77,1.0967,94.480705,1332.9,13.445297609482,2.57
2023-07-10,86.16,87.17,85.48,12700.0,0.13,72.95,1.0999,94.87737400000002,1337.93,14.30968040085,2.641
2023-07-11,86.34,87.22,85.11,15210.0,0.92,74.71,1.1006,95.80723,1348.98,14.51721070078,2.692
2023-07-12,87.03,88.32,85.68,15760.0,-1.4,75.54,1.1128,95.511624,1370.87,14.73358319076,2.597
2023-07-13,85.86,86.96,85.32,11320.0,0.06,76.76,1.1224,96.391712,1380.12,14.89980249808,2.534
2023-07-14,85.82,87.65,85.82,10620.0,0.55,75.32,1.1227,96.945145,1381.4,14.96522271286,2.53
2023-07-17,85.93,86.81,85.18,12730.0,0.5,74.08,1.1234,97.488652,1370.22,14.49821901662,2.504
2023-07-18,86.78,88.32,86.25,14990.0,1.61,75.66,1.1226,98.990868,1374.73,14.59694243141,2.618
2023-07-19,88.1,89.4,87.05,15480.0,0.91,75.29,1.1198,99.639804,1377.67,14.82944559643,2.585
2023-07-20,88.95,91.24,88.75,17570.0,2.09,75.65,1.1128,101.086752,1381.64,14.8749685763,2.731
2023-07-21,90.8,92.3,90.33,14120.0,1.08,76.78,1.1123,102.131386,1388.49,15.04715250967,2.707
2023-07-24,91.82,92.59,90.53,14370.0,-0.58,78.4,1.1062,100.98499800000002,1387.25,15.20382140425,2.688
2023-07-25,91.25,92.52,91.14,14270.0,1.15,79.2,1.1053,102.063402,1390.51,14.98958126806,2.747
2023-07-26,92.32,93.5,90.34,16550.0,-1.7,78.4,1.1083,100.600391,1375.22,14.63754673709,2.693
2023-07-27,90.79,91.28,89.23,15510.0,0.17,79.63,1.0973,99.766516,1401.48,14.33175605529,2.595
2023-07-28,90.92,90.92,88.16,16239.999999999998,-2.44,80.18,1.1015,97.70305,1400.61,14.1286334522,2.753
2023-07-31,88.34,89.42,86.37,15970.0,-2.13,81.32,1.0993,95.430233,1401.34,13.85893314594,2.741
2023-08-01,86.85,87.83,84.4,22390.0,-2.52,80.92,1.0982,92.929684,1387.71,13.52276095915,2.672
2023-08-02,84.65,84.99,83.01,21260.0,-1.68,79.13,1.0936,90.98752,1367.78,13.14747538832,2.586
2023-08-03,83.23,85.8,83.1,16350.000000000002,1.45,81.08,1.0944,92.378304,1361.19,12.86724375148,2.67
2023-08-04,84.99,85.63,83.3,11730.0,-1.18,82.27,1.101,91.83441,1369.69,12.69469456639,2.681
2023-08-07,83.55,84.56,82.56,13370.0,-0.92,81.49,1.1002,90.920528,1368.68,12.4198842425,2.813
2023-08-08,82.7,84.47,82.31,14580.0,1.61,82.36,1.0954,91.980738,1357.32,12.236595373998,2.864
2023-08-09,84.34,85.82,83.5,17020.0,-0.08,83.69,1.0973,92.06347,1367.55,12.444129437568,3.053
2023-08-10,84.24,85.21,83.03,12820.0,0.77,82.29,1.0979,92.827445,1382.88,12.643987161625,2.87
2023-08-11,84.9,86.92,84.0,10940.0,2.66,82.57,1.0944,94.99392,1364.89,12.574448901417,2.882
2023-08-14,86.57,88.13,86.0,13260.0,1.32,81.92,1.0904,95.90068,1365.27,12.7782777337636,2.898
2023-08-15,88.23,88.6,86.7,13020.0,-1.23,80.5,1.0904,94.723048,1354.34,12.7876651607836,2.781
2023-08-16,87.64,88.89,87.35,15600.0,1.97,79.02,1.0874,96.321892,1350.0,12.8688748185936,2.726
2023-08-17,88.6,89.87,87.7,15800.0,0.3,79.9,1.0871,96.588835,1334.39,12.8919905992336,2.755
2023-08-18,88.68,89.09,87.27,12860.0,-0.9,80.66,1.0865,95.666325,1328.59,12.9720815511336,2.691
2023-08-21,88.62,88.7,86.86,11650.0,-0.23,80.12,1.0891,95.677435,1333.45,13.721341009,2.743
2023-08-22,87.85,90.39,87.76,19570.0,2.46,79.64,1.0844,97.606844,1343.19,14.63314640569,2.652
2023-08-23,89.96,90.23,87.35,19870.0,-2.23,78.59,1.0859,95.5592,1344.41,14.92286959654,2.592
2023-08-24,87.35,87.35,85.1,18770.0,-3.17,78.66,1.0809,92.103489,1336.13,15.41490065971,2.636
2023-08-25,85.06,86.42,84.5,13460.0,0.05,79.49,1.08,92.07,1337.97,15.84328338218,2.657
2023-08-28,85.4,86.5,84.79,8130.000000000001,0.41,79.67,1.0817,92.59352,1354.95,16.19173749285,2.665
2023-08-29,85.72,86.49,84.52,12480.0,-0.7,80.68,1.0877,92.4545,1364.33,15.8884176586,2.662
2023-08-30,84.91,86.63,84.64,13340.0,1.18,81.12,1.0924,93.9464,1361.81,15.67194499527,3.181
2023-08-31,86.1,87.28,85.58,11310.0,0.03,82.96,1.0841,93.265123,1355.74,15.304736094978,3.147
2023-09-01,86.03,86.32,85.0,11950.0,-0.45,84.75,1.0773,92.259972,1355.17,15.199181301548,3.111
2023-09-04,85.63,85.63,83.75,13970.0,-1.82,85.82,1.0794,90.755952,1353.83,15.008118575369,2.647
2023-09-05,84.18,84.81,83.6,16540.0,-0.2,86.01,1.072,89.95152,1350.68,14.95984082691,2.991
2023-09-06,83.95,84.81,83.11,15690.0,-0.25,86.79,1.0727,89.78499000000001,1341.24,15.04413062299,2.943
2023-09-07,83.67,84.28,82.67,16850.0,-0.49,86.15,1.0699,89.11197100000001,1335.53,15.16310928779,2.958
2023-09-08,83.52,84.0,81.28,17110.0,-2.01,86.81,1.0699,87.32523800000001,1340.38,15.194717857288,2.966
2023-09-11,81.79,82.51,81.36,13800.0,0.13,86.66,1.0748,87.843404,1345.71,15.80061573439,2.937
2023-09-12,81.85,82.41,80.98,17500.0,-0.75,88.16,1.0752,87.220224,1341.34,16.17803882362,3.015
2023-09-13,81.25,83.83,80.57,22490.0,3.25,87.88,1.0728,89.85772800000001,1335.91,16.40771639145,2.987
2023-09-14,83.71,84.07,82.45,14480.0,-0.99,89.61,1.0641,88.24581300000001,1354.33,16.68060810336,2.983
2023-09-15,82.88,84.09,81.86,14310.0,-1.0,90.02,1.0655,87.47754999999998,1359.14,16.744418246,2.932
2023-09-18,82.18,82.65,80.74,16520.0,-1.49,90.58,1.069,86.46072,1343.85,16.08741944609,3.001
2023-09-19,80.97,81.69,80.55,12940.0,0.52,90.48,1.0677,86.80401,1345.39,15.53472918002,3.026
2023-09-20,81.6,82.97,80.51,18190.0,1.8,89.66,1.0659,88.21388400000001,1352.86,15.03218453661,2.921
2023-09-21,82.7,84.61,81.7,16170.000000000002,2.02,88.32,1.0658,89.98549400000002,1335.02,14.66942091987,2.84
2023-09-22,83.94,86.05,83.65,18470.0,1.03,88.35,1.0652,90.86156,1331.82,14.52460131619,2.879
2023-09-25,85.95,85.95,84.77,14090.0,-0.48,88.17,1.059,89.89851,1320.49,14.66222436616,2.906
2023-09-26,84.99,85.13,82.51,16300.0,-2.8,88.78,1.057,87.21307,1310.55,15.03376559809,2.845
2023-09-27,83.0,83.05,81.61,14840.0,-0.79,91.3,1.05,85.953,1312.13,15.35069314848,2.899
2023-09-28,81.83,83.24,81.82,11320.0,1.53,89.59,1.0559,87.755849,1317.92,15.37972657464,3.34
2023-09-29,83.0,83.24,81.42,11380.0,-2.0,88.8,1.057,86.09264999999999,1323.71,15.29256187285,3.312
2023-10-02,81.42,81.66,80.62,14760.0,-0.92,87.17,1.0476,84.54132000000001,1310.08,15.566436605762,3.233
2023-10-03,80.7,80.91,79.52,23910.0,-1.12,87.44,1.0465,83.5107,1295.75,15.049957246728,3.313
2023-10-04,79.87,82.39,79.56,20900.0,2.53,82.55,1.0503,85.93554599999999,1294.31,14.93103808585,3.32
2023-10-05,81.85,82.37,80.3,15010.0,-1.17,80.81,1.0548,85.291128,1295.87,15.12950135868,3.511
2023-10-06,80.85,81.15,80.0,12050.0,-0.3,81.28,1.0586,85.34433200000001,1305.88,15.18678946653,3.641
2023-10-09,80.65,81.96,80.0,16510.0,1.25,84.6,1.0565,86.24209499999999,1304.03,15.48976728806,3.631
2023-10-10,81.87,85.06,81.6,26150.0,3.81,84.13,1.0603,89.849822,1330.16,16.12065557158,3.659
2023-10-11,84.68,85.03,83.5,21430.0,-1.13,82.07,1.0617,88.94922600000001,1323.6,16.06192065967,3.658
2023-10-12,83.78,85.69,83.5,16720.0,1.99,81.8,1.0526,89.94467,1324.39,16.16231290617,3.639
2023-10-13,85.23,86.6,84.73,22820.0,0.25,86.35,1.0509,90.02009399999999,1309.15,15.967420396906,3.584
2023-10-16,85.58,85.93,82.99,18290.0,-2.63,85.26,1.0558,88.064278,1313.73,16.295852575076,3.479
2023-10-17,83.29,83.66,81.45,16430.0,-0.91,85.44,1.0575,87.40237500000002,1314.38,16.526219708155,3.468
2023-10-18,82.61,83.35,81.52,15860.0,-1.04,87.27,1.0535,86.16576500000002,1302.51,16.8102992207,3.463
2023-10-19,81.7,82.24,80.84,17070.0,0.26,88.37,1.0579,86.74780000000001,1293.2,16.70864108172,3.326
2023-10-20,81.98,82.5,81.05,15050.0,-0.4,88.08,1.0593,86.513031,1274.5,16.88539654565,3.258
2023-10-23,81.39,81.5,80.06,17530.0,-1.68,84.42,1.0668,85.66404,1278.93,16.86586347888,3.273
2023-10-24,80.26,81.34,80.21,17180.0,0.45,82.97,1.0588,85.402808,1286.11,16.84592502589,3.322
2023-10-25,80.74,80.98,79.75,18430.0,-0.91,84.69,1.0563,84.43005900000001,1286.38,17.09764862772,3.376
2023-10-26,79.94,80.71,79.49,18950.0,-0.44,82.54,1.056,84.03648,1281.47,17.41912384334,3.477
2023-10-27,79.64,80.36,79.3,15860.0,-0.28,84.7,1.0564,83.835904,1270.18,17.807953788926,3.483
2023-10-30,79.45,80.98,78.48,24810.0,-0.73,81.68,1.0613,83.609214,1274.02,17.203797628957,3.589
2023-10-31,78.65,79.5,78.15,21720.0,0.8,80.5,1.0576,83.984016,1286.0,16.842732212342,3.813
2023-11-01,79.4,80.16,78.37,19680.0,-0.94,80.1,1.0568,83.127888,1294.67,16.00081987533,3.753
2023-11-02,78.35,79.2,76.24,34240.0,0.51,82.16,1.062,83.96172,1316.95,15.353126525698,3.75
2023-11-03,78.61,79.7,77.1,19750.0,-2.35,80.23,1.0729,82.82788,1318.73,14.944425137817,3.795
2023-11-06,77.48,77.48,75.6,18330.0,-1.71,80.6,1.0715,81.30541999999998,1315.23,14.902855664248,3.564
2023-11-07,75.71,76.5,74.86,21350.0,-0.69,77.21,1.0699,80.62766400000001,1308.06,15.052960755345,3.463
2023-11-08,75.28,76.38,74.84,19630.0,0.05,75.31,1.0707,80.73078000000001,1310.55,15.705223130418,3.389
2023-11-09,75.65,77.69,75.19,22230.0,2.52,75.75,1.0666,82.44818,1323.78,16.237436584297,3.333
2023-11-10,77.69,78.85,76.29,18970.0,1.55,77.15,1.0681,83.84585,1317.17,16.669269813588,3.284
2023-11-13,78.5,78.92,76.17,19750.0,-1.86,78.19,1.0697,82.40968800000002,1329.06,17.91471365009,3.4
2023-11-14,77.39,79.09,76.6,19810.0,1.99,78.17,1.0879,85.476303,1342.78,17.71410961276,3.316
2023-11-15,78.57,80.27,78.57,20260.0,1.57,76.79,1.0846,86.55108,1347.81,17.875059283881,3.362
2023-11-16,79.8,79.89,76.49,23120.0,-3.26,73.09,1.085,83.762,1336.09,18.270465447334,3.239
2023-11-17,77.09,77.68,76.02,15960.0,-1.26,76.04,1.0907,83.14406100000001,1347.96,18.747394354159,3.131
2023-11-20,76.63,77.8,76.15,15540.0,0.56,77.83,1.0938,83.850708,1350.41,18.649656973973,3.05
2023-11-21,76.61,76.71,75.08,16440.0,-1.89,77.92,1.0909,82.046589,1345.24,19.3989398842146,2.993
2023-11-22,75.37,76.2,74.88,18870.0,-0.15,77.25,1.0887,81.76137,1347.49,19.7878480330446,3.033
2023-11-23,75.3,77.22,74.88,20680.0,1.96,76.34,1.0904,83.491928,1352.79,19.3144822584446,2.93
2023-11-24,76.68,77.19,76.0,13700.0,-0.14,75.77,1.0939,83.639594,1358.23,18.813748277378,2.999
2023-11-27,76.34,76.5,72.79,28360.0,-4.43,75.09,1.0953,80.033571,1352.9,20.664684067043,2.946
2023-11-28,73.04,73.71,72.01,23920.0,-0.78,76.59,1.099,79.6775,1350.84,21.042406900796,2.837
2023-11-29,72.33,73.25,70.56,28530.0,-2.37,77.99,1.0968,77.631504,1352.75,21.58321571084,2.769
2023-11-30,70.55,71.71,70.44,26250.0,-0.31,76.05,1.0886,76.811616,1357.44,22.77948724241,2.763
2023-12-01,70.79,73.13,70.57,21530.0,2.68,74.25,1.0881,78.832845,1367.83,23.76129592351,2.773
2023-12-04,72.03,72.08,70.15,31640.0,-2.79,73.32,1.0836,76.317948,1363.48,24.53668853453,2.651
2023-12-05,70.72,70.88,68.42,30660.0,-2.16,72.53,1.0795,74.38834499999999,1369.97,24.499208085072,2.667
2023-12-06,69.11,70.0,68.37,23020.0,0.07,69.65,1.0762,74.21475199999999,1376.39,24.42276214498,2.517
2023-12-07,68.86,70.19,68.65,22520.0,1.46,69.59,1.0792,75.511624,1375.49,24.03545198106,2.52
2023-12-08,70.0,70.76,68.45,22240.0,-1.93,71.44,1.0761,73.84198200000002,1388.16,23.501611733679,2.504
2023-12-11,68.5,68.5,66.26,29080.0,-1.87,71.56,1.0761,72.46457400000001,1391.9,21.059544317813,2.35
2023-12-12,67.3,68.6,66.88,23040.0,1.34,68.85,1.0792,73.64460799999999,1390.29,20.610260404414,2.24
2023-12-13,68.21,69.98,68.01,26590.0,0.94,69.72,1.0873,74.89322399999999,1388.3,20.048774021919,2.292
2023-12-14,69.12,70.16,65.99,23650.0,-3.12,71.91,1.0991,73.342943,1399.95,19.87777165251,2.347
2023-12-15,66.76,67.82,66.22,12690.0,1.26,71.78,1.0894,73.61075799999999,1401.8,19.811732351037,2.425
2023-12-18,68.26,71.38,67.03,4270.0,3.02,72.82,1.0922,76.028042,1396.76,19.8260616434125,2.416
2023-12-19,69.99,69.99,68.75,1040.0,0.22,73.94,1.098,76.59648000000001,1400.18,19.5647620621234,2.366
2023-12-20,69.75,73.55,69.75,1450.0,4.93,74.45,1.0938,80.06616000000001,1399.76,19.1040603778827,2.347
2023-12-21,73.5,76.42,73.5,820.0,3.66,74.06,1.1008,83.52870399999999,1395.62,18.2099807648727,2.459
2023-12-22,75.88,77.08,75.0,450.0,1.4,73.73,1.101,84.71094,1396.21,17.4214324908787,2.49
2023-12-27,77.27,78.57,77.08,960.0,1.04,74.34,1.1103,86.314722,1400.14,14.3117209974555,2.437
2023-12-28,77.69,78.02,76.98,940.0,0.26,71.97,1.1059,86.19384600000001,1394.89,14.0998681238703,2.377
2023-12-29,78.0,78.61,77.28,690.0,0.05,71.84,1.1036,86.058728,1395.52,14.019072124015,2.327
2024-01-02,78.17,78.22,73.04,690.0,-4.99,70.62,1.0947,81.106323,1395.11,14.5185866148,2.386
2024-01-03,74.2,75.58,74.2,210.0,1.8,72.89,1.0921,82.36618200000001,1380.98,14.449772242972,2.448
2024-01-04,75.45,76.1,73.1,1390.0,-2.17,72.36,1.0943,80.737454,1389.78,14.871363326098,2.559
2024-01-05,73.32,74.54,73.18,380.0,0.26,73.86,1.0941,80.930577,1387.65,15.41002803773,2.621
2024-01-08,73.68,73.75,69.89,780.0,-5.42,70.92,1.0949,76.59920399999999,1388.91,18.03426318829,2.598
2024-01-09,69.5,70.73,69.25,480.0,-0.09,72.29,1.0931,76.40769,1386.25,19.477124323444,2.697
2024-01-10,70.3,70.5,67.47,750.0,-3.12,71.44,1.0971,74.29561199999999,1382.54,20.991127685999,2.562
2024-01-11,67.67,67.7,65.2,1060.0,-2.6,72.09,1.097,72.35811999999999,1377.33,22.07414387496,2.54
2024-01-12,66.93,66.93,63.0,510.0,-3.27,72.79,1.0949,69.85462,1390.45,22.906677193538,2.617
2024-01-15,66.0,67.46,64.61,22190.0,4.86,72.79,1.0948,73.24212,1384.34,23.191104200468,3.066
2024-01-16,66.98,67.4,65.05,22430.0,-2.11,72.52,1.0874,71.21382599999998,1381.83,22.994974742902,2.477
2024-01-17,65.39,66.07,62.86,25630.0,-3.33,72.48,1.0881,68.887611,1367.96,22.60916306224,2.496
2024-01-18,63.09,64.13,62.5,18190.0,-0.05,73.95,1.0874,68.810672,1381.31,22.210786108,2.413
2024-01-19,63.37,64.23,62.93,15140.0,0.22,73.25,1.0897,69.108774,1379.9,21.85155233786,2.252
2024-01-22,63.03,63.03,60.86,21640.0,-1.59,74.76,1.0881,67.908321,1388.04,20.77383774136,2.125
2024-01-23,62.0,63.8,61.6,20280.0,1.38,74.27,1.0851,68.65427700000001,1385.89,19.8854654215649,2.167
2024-01-24,63.36,66.1,63.16,25090.0,4.0,74.98,1.0883,71.61014,1406.94,18.979189732663,2.262
2024-01-25,66.43,66.43,62.9,25610.0,-3.63,77.19,1.0846,68.774486,1413.13,18.368173618718,2.18
2024-01-26,63.15,65.03,62.1,21960.0,-0.49,77.86,1.0852,68.47612,1421.09,17.726350401501,2.175
2024-01-29,63.6,64.06,61.58,22580.0,-2.11,76.67,1.0833,66.915441,1422.1,17.38009369983,2.054
2024-01-30,61.63,64.02,61.3,22870.0,3.64,77.65,1.084,69.39768,1426.39,17.62017497445,2.104
2024-01-31,63.92,65.14,62.94,21320.0,0.59,75.71,1.0816,69.65504,1424.37,18.00726835545,2.121
2024-02-01,64.16,64.87,62.1,22150.0,-3.23,73.79,1.0872,67.75430399999999,1418.98,18.22901770013,2.064
2024-02-02,62.05,64.37,61.9,17960.0,1.89,72.3,1.0784,68.47840000000001,1416.46,18.31243254716,2.086
2024-02-05,63.8,64.31,62.07,19160.0,-1.43,72.85,1.0741,67.227919,1417.34,17.633626414405,2.074
2024-02-06,62.79,63.97,62.0,19280.0,1.44,73.37,1.0754,68.277146,1428.74,17.300453328426002,2.007
2024-02-07,63.35,63.68,62.25,17670.0,-1.84,73.91,1.0771,67.124872,1425.04,17.378049835683,1.98
2024-02-08,62.5,62.5,60.27,26070.0,-2.58,76.19,1.0776,65.42109599999999,1431.64,17.485347382717002,1.948
2024-02-09,60.5,60.5,58.2,26390.0,-3.15,76.77,1.0782,63.39816,1436.39,17.479198910668,1.885
2024-02-12,58.64,58.8,56.59,24580.0,-2.72,76.82,1.0771,61.61012,1442.11,18.402362991592,1.8
2024-02-13,57.2,57.89,55.65,23800.0,-0.96,77.56,1.0709,60.666485,1427.38,18.7706699240596,1.742
2024-02-14,56.43,57.57,55.41,23610.0,-0.37,76.36,1.0725,60.5319,1432.11,18.6300699748112,1.665
2024-02-15,56.44,59.05,56.13,28070.0,2.68,77.59,1.0771,62.417945,1440.41,18.320524543304,1.647
2024-02-16,57.95,58.21,56.29,20130.0,-1.45,78.46,1.0774,61.530314,1447.13,18.246791401113,1.68
2024-02-19,57.11,57.11,52.9,29610.0,-6.95,78.11,1.0777,57.268978,1445.12,17.835102902126,1.558
2024-02-20,53.5,55.04,51.86,30450.0,2.01,77.04,1.0803,58.563063,1441.72,17.6488236499629,1.646
2024-02-21,54.05,54.98,53.28,18580.0,0.55,77.31,1.0817,58.963467,1445.06,17.4366582611609,1.863
2024-02-22,54.48,54.48,52.37,22360.0,-3.52,77.93,1.0823,56.91815700000001,1462.92,17.215286576682,1.832
2024-02-23,52.9,53.01,51.12,26230.0,-0.15,76.08,1.0818,56.805318,1467.12,17.206924469985,1.699
2024-02-26,52.11,54.52,51.55,23890.0,2.51,77.09,1.0847,58.389401,1460.28,17.611074513186,1.744
2024-02-27,53.76,56.14,52.45,30420.0,3.96,78.23,1.0844,60.683024,1464.91,17.994277164269,1.808
2024-02-28,56.21,58.87,55.45,38360.0,2.23,77.83,1.0836,61.99275599999999,1462.67,18.468784692329,2.052
2024-02-29,57.53,57.81,55.25,27040.0,-1.35,77.45,1.0803,60.972132,1459.2,18.904974509439,2.008
2024-03-01,56.5,56.84,55.08,22850.0,-0.23,79.09,1.0837,61.02314700000001,1467.75,18.904974509439,1.975
2024-03-04,56.4,57.77,53.5,33980.0,1.72,78.17,1.0854,62.171712,1471.15,19.0555271288,2.073
2024-03-05,57.28,61.23,56.73,48660.0,4.75,77.41,1.0855,65.13,1469.72,19.231796985683,2.095
2024-03-06,60.25,62.8,58.09,44520.0,-2.02,78.41,1.0897,64.063463,1478.07,19.50102957346,2.072
2024-03-07,58.79,61.09,57.4,36110.0,1.11,78.32,1.0946,65.063024,1490.95,19.84630189312,1.952
2024-03-08,59.0,60.2,57.8,22800.0,-1.58,77.5,1.0937,63.98145,1487.47,19.80475662304,1.923
2024-03-11,58.22,58.24,55.8,28030.0,-4.05,77.53,1.0926,61.327638,1479.08,19.31936660656,1.862
2024-03-12,56.26,57.08,55.24,26900.0,1.55,77.25,1.0924,62.2668,1491.54,19.16330256651,1.823
2024-03-13,56.86,57.9,55.65,23400.0,-1.98,79.3,1.0946,61.155302,1495.66,18.80503534389,1.784
2024-03-14,55.85,59.18,55.08,30350.0,5.24,80.74,1.0881,63.98028,1494.29,18.51104883519,1.862
2024-03-15,58.9,60.25,58.14,27060.0,0.99,80.58,1.0887,64.647006,1492.53,18.150976137,1.789
2024-03-18,59.5,62.32,59.5,33590.0,3.44,82.16,1.0871,66.769682,1494.49,18.018009265027,1.833
2024-03-19,61.3,62.87,59.65,26860.0,-0.18,82.73,1.0865,66.613315,1503.42,17.76949517662,1.876
2024-03-20,61.3,61.46,59.99,21680.0,-2.12,81.27,1.0918,65.518918,1501.71,17.71614232538,1.845
2024-03-21,60.04,60.26,58.8,22930.0,-1.07,80.64,1.086,64.47582,1516.35,17.633648356737,1.831
2024-03-22,59.1,62.06,58.8,24380.0,3.59,80.17,1.0805,66.45075,1515.1,17.698868978701,1.812
2024-03-25,61.69,65.49,61.68,33710.0,5.43,81.38,1.0836,70.26062399999999,1518.73,17.508545146297,1.789
2024-03-26,64.45,65.74,62.16,33890.0,-2.84,81.04,1.083,68.229,1523.29,17.317596146938,1.788
2024-03-27,62.5,63.31,61.08,22310.0,-0.62,80.78,1.0826,67.781586,1524.88,16.85713017885,1.953
2024-03-28,62.5,62.89,61.32,27640.0,-1.09,82.42,1.0787,66.803891,1526.34,16.43612246606,1.997
2024-04-02,61.22,61.5,58.56,27640.0,-4.89,84.22,1.0768,63.42352,1521.0,14.22182956994,2.105
2024-04-03,59.29,59.43,56.91,23140.0,-2.29,84.61,1.0835,62.35542499999999,1531.46,14.220110076589,2.067
2024-04-04,57.5,59.24,57.1,22260.0,1.46,85.81,1.0835,63.265565,1529.9,14.280582855422,1.997
2024-04-05,58.87,61.15,58.26,25370.0,4.49,86.1,1.0835,66.10433499999999,1520.1,14.31938123088,2.01
2024-04-08,60.72,63.77,59.69,32010.0,3.9,85.53,1.0858,68.828862,1530.97,14.35071878914,2.051
2024-04-09,63.39,64.64,62.53,27840.0,0.9,84.46,1.0855,69.42858,1520.05,14.23286799582,2.064
2024-04-10,63.82,65.07,62.3,25550.0,-1.74,85.44,1.0742,67.51347,1524.45,14.10240115064,2.074
2024-04-11,62.98,68.92,62.81,47860.0,9.51,84.45,1.0724,73.813292,1518.09,13.99709107577,2.0
2024-04-12,68.6,71.81,68.07,46290.0,4.08,85.08,1.0642,76.239288,1521.43,13.97170793868,2.029
2024-04-15,71.55,71.64,69.12,29520.0,-2.07,84.86,1.0622,74.523952,1521.47,13.89864557823,1.946
2024-04-16,70.26,74.9,69.87,36630.0,5.83,84.83,1.0617,78.831225,1501.87,14.12279759366,1.988
2024-04-17,74.13,74.48,69.24,37880.0,-5.28,82.15,1.0671,75.049143,1494.71,14.55294930449,1.962
2024-04-18,69.9,72.22,68.15,31330.0,1.73,82.1,1.0643,76.150665,1500.8,15.08792965789,1.986
2024-04-19,72.57,73.3,68.13,28400.0,-4.23,82.22,1.0654,73.00120799999999,1495.88,15.47125101418,1.988
2024-04-22,68.0,68.19,66.02,25670.0,-3.09,81.9,1.0654,70.74256,1502.71,17.30200527254,2.065
2024-04-23,66.39,67.21,65.34,22880.0,-0.03,82.56,1.0699,71.019962,1518.62,17.94913211182,2.094
2024-04-24,66.25,67.45,64.8,22730.0,0.71,82.09,1.0697,71.509445,1515.77,18.13849738277,1.979
2024-04-25,67.0,69.92,66.54,27090.0,2.33,82.75,1.0729,73.397089,1504.93,18.37584334906,1.986
2024-04-26,68.21,69.2,66.57,18840.0,-1.32,83.13,1.0692,72.181692,1519.43,18.823943552239,1.923
2024-04-29,67.0,67.35,65.01,18420.0,-2.53,82.03,1.0719,70.53102,1518.59,17.62640004991,2.373
2024-04-30,65.95,69.6,65.38,26240.0,5.17,81.28,1.0665,73.8018,1503.61,16.67649371737,2.319
2024-05-01,69.19,69.26,67.35,12260.0,-1.86,78.44,1.0709,72.724819,1496.99,15.47577727695,2.266
2024-05-02,67.88,73.18,67.25,38250.0,7.04,78.48,1.0725,77.960025,1496.99,14.49299811132,2.331
2024-05-03,72.69,74.55,71.45,25960.0,-1.17,77.76,1.0758,77.28547200000001,1504.86,13.76574181665,2.416
2024-05-06,71.74,74.49,71.52,18250.0,2.55,78.14,1.0768,79.327856,1515.93,13.77614650852,2.463
2024-05-07,73.25,74.3,70.57,31160.0,-3.83,78.06,1.0752,76.17791999999999,1528.47,14.2177629423,2.471
2024-05-08,71.03,72.7,69.61,21900.0,1.51,78.56,1.0745,77.27804,1534.38,14.97246367368,2.474
2024-05-09,71.4,74.08,71.13,14640.0,2.36,78.8,1.0781,79.36972200000001,1541.34,15.08158009698,2.537
2024-05-10,73.5,75.5,71.28,22200.0,-2.76,77.84,1.0769,77.095271,1552.63,15.05556635769,2.484
2024-05-13,71.33,71.49,68.75,24980.0,-2.12,78.6,1.0788,75.59151599999998,1551.25,14.41786555376,2.587
2024-05-14,70.02,71.32,69.02,15410.0,0.04,77.65,1.0818,75.83418,1551.56,14.00616751957,2.559
2024-05-15,70.2,71.83,69.09,22110.0,-1.3,78.16,1.0882,75.292558,1557.64,13.7224829977,2.631
2024-05-16,69.09,71.27,68.88,19430.0,2.31,78.74,1.0865,76.913335,1554.53,13.8274565499392,2.687
2024-05-17,70.5,71.52,69.6,19400.0,-0.38,79.58,1.087,76.65523999999999,1552.83,13.94953153278,2.789
2024-05-20,71.0,74.9,71.0,28800.0,5.28,79.3,1.0855,80.58751999999998,1554.12,14.06164536846,2.901
2024-05-21,74.18,76.64,73.05,27580.0,2.64,78.66,1.0854,82.70748,1547.76,15.06434847066,2.839
2024-05-22,75.83,77.5,75.5,26140.0,0.62,77.15,1.0821,82.964607,1543.25,15.03918580628,3.052
2024-05-23,76.5,78.1,75.52,28440.0,-0.74,76.46,1.0813,82.28692999999998,1547.98,15.08593979726,2.923
2024-05-24,76.1,76.7,73.9,20910.0,-0.42,77.23,1.0845,82.18341000000001,1547.46,15.9683618735,2.773
2024-05-27,75.7,76.99,75.58,11680.0,0.96,78.65,1.0858,83.07455800000001,1553.88,15.48057276714,2.78
2024-05-28,75.99,76.24,74.15,20350.0,-2.5,79.35,1.0855,80.97829999999999,1545.5,14.68441849399,2.825
2024-05-29,74.5,75.6,72.95,21290.0,-0.87,78.8,1.08,79.86600000000001,1527.51,14.73008326551,2.666
2024-05-30,73.66,75.84,73.37,19230.0,1.69,77.54,1.0832,81.45664,1530.32,14.56473518227,2.647
2024-05-31,75.48,76.42,73.85,19010.0,-1.5,76.73,1.0841,80.29928699999999,1530.66,14.27461847059,2.662
2024-06-03,74.44,77.8,74.25,29510.0,0.76,74.09,1.0902,81.361626,1535.05,14.33594239172,2.804
2024-06-04,74.52,74.71,72.27,29740.0,-2.75,73.06,1.0878,78.95252400000001,1519.03,14.49654425014,2.67
2024-06-05,72.72,73.26,70.96,25060.0,-0.8,73.82,1.0868,78.2496,1538.33,14.56041838065,2.828
2024-06-06,71.82,72.98,71.25,19250.0,-0.65,75.24,1.0888,77.88186400000001,1546.53,14.78761497537,2.892
2024-06-07,71.78,71.88,71.02,14700.0,-0.15,75.22,1.08,77.1336,1540.61,14.92026752224,2.996
2024-06-10,71.14,71.2,69.29,27320.0,-0.71,77.33,1.0763,76.320433,1531.79,14.73995018276,2.977
2024-06-11,70.8,72.17,69.87,22850.0,-0.71,77.55,1.0739,75.613299,1514.29,14.56608702285,3.193
2024-06-12,70.45,71.75,69.97,20420.0,-0.16,78.15,1.0807,75.97321,1532.78,14.66644103247,3.122
2024-06-13,70.3,71.99,70.3,18920.0,0.81,78.26,1.0735,76.078945,1504.48,14.54533535788,3.037
2024-06-14,70.75,71.09,68.18,32670.0,-3.3,78.05,1.07,73.3271,1475.66,14.40740005766,2.963
2024-06-17,68.7,69.21,67.63,22760.0,-0.54,79.72,1.0734,73.162944,1485.86,14.23137300856,2.867
2024-06-18,68.26,69.25,67.72,25050.0,0.32,80.71,1.0738,73.426444,1500.52,14.3425102651,2.99
2024-06-19,68.74,70.81,68.5,20840.0,3.45,80.59,1.0742,75.988908,1492.42,14.23907298125,2.916
2024-06-20,70.6,71.59,69.07,21090.0,-2.19,81.29,1.07,74.0333,1511.69,14.31870255403,2.854
2024-06-21,69.51,69.51,67.94,18860.0,-1.65,79.96,1.0691,72.75225499999999,1498.03,14.592558914824,2.836
2024-06-24,68.02,68.27,67.01,25780.0,-0.72,80.86,1.0732,72.505392,1508.99,14.668126708584,2.948
2024-06-25,67.45,68.07,66.85,20560.0,0.36,80.07,1.0713,72.63413999999999,1502.22,14.5797210802,2.863
2024-06-26,68.35,69.09,66.8,22830.0,-0.84,80.19,1.0679,71.79491700000001,1493.37,14.94388569524,2.745
2024-06-27,67.03,67.78,66.42,19500.0,-1.1,80.83,1.0702,71.157598,1488.28,14.708487621539,2.675
2024-06-28,66.71,68.4,65.79,22060.0,1.31,80.64,1.0713,72.162768,1484.29,14.421226247688,2.598
2024-07-01,67.41,69.68,67.13,19710.0,1.44,82.32,1.0738,73.372754,1496.86,14.47094416876,2.492
2024-07-02,68.3,71.03,67.52,27020.0,3.81,81.91,1.0744,76.207192,1496.2,14.28251898033,2.454
2024-07-03,70.67,71.95,70.0,25070.0,-0.03,83.02,1.0786,76.483526,1513.11,13.92669671473,2.447
2024-07-04,70.76,71.16,69.83,19110.0,-1.03,83.94,1.081,75.86458,1522.89,13.40504784166,2.371
2024-07-05,70.12,71.15,69.94,12630.0,0.24,82.26,1.0836,76.23125999999999,1519.36,13.16548506919,2.35
2024-07-08,70.59,71.85,68.8,25020.0,-1.86,81.52,1.0822,74.71508800000001,1516.0,12.83307764738,2.382
2024-07-09,69.15,69.19,68.18,16720.0,-0.75,80.56,1.0812,74.08382399999999,1500.8,12.842515120184,2.36
2024-07-10,68.66,69.4,67.86,15810.0,-0.82,81.07,1.083,73.60068,1514.15,12.914310865904,2.345
2024-07-11,68.15,68.83,67.6,16480.0,0.82,81.38,1.0865,74.44698,1517.16,13.377615842374,2.282
2024-07-12,68.55,69.52,67.69,18190.0,1.21,81.02,1.0906,75.63310999999999,1531.57,13.712017710154,2.331
2024-07-15,69.58,69.58,67.1,22050.0,-2.55,80.84,1.0894,73.621652,1517.96,14.05712137574,2.178
2024-07-16,67.85,68.27,67.16,18320.0,0.53,79.71,1.0897,74.034218,1511.04,14.24605888136,2.206
2024-07-17,68.01,68.13,66.41,19670.0,-2.24,81.44,1.0937,72.643554,1493.35,14.25431177453,2.071
2024-07-18,66.43,66.98,66.01,17930.0,-0.47,81.3,1.0896,72.03345599999999,1492.88,14.21359506572,2.168
2024-07-19,66.35,67.49,65.73,15460.0,-0.17,78.64,1.0877,71.78819999999999,1481.59,14.24907873066,2.165
2024-07-22,66.28,66.73,64.25,25440.0,-1.83,78.4,1.0889,70.54983100000001,1495.85,14.19223686076,2.286
2024-07-23,64.82,66.22,64.26,19170.0,1.54,75.92,1.0851,71.388729,1494.5,14.14040629085,2.224
2024-07-24,65.79,69.02,65.55,26230.0,4.73,76.58,1.0839,74.68071000000002,1482.37,14.06956142132,2.158
2024-07-25,68.91,68.91,66.65,21150.0,-2.64,77.11,1.0844,72.741552,1459.79,13.93044221441,2.072
2024-07-26,66.9,68.15,66.79,12680.0,0.94,76.0,1.0857,73.512747,1474.98,13.82360852822,2.051
2024-07-29,67.7,68.9,67.2,16079.999999999998,1.58,74.8,1.0819,74.413082,1465.62,13.8914969636,2.036
2024-07-30,68.67,69.29,67.47,20660.0,-0.29,73.88,1.0815,74.16927,1473.41,14.05553746461,2.244
2024-07-31,68.95,69.44,68.04,20380.0,0.96,76.84,1.0825,74.9523,1489.26,14.21164522631,2.162
2024-08-01,69.55,71.5,68.83,29180.0,2.79,75.4,1.0791,76.799547,1463.53,14.35393158419,2.096
2024-08-02,71.18,71.31,69.45,23240.0,-1.03,72.59,1.0908,76.83595199999999,1424.08,14.36219690873,2.078
