"Date","Price","Open","High","Low","Vol.","Change %"
"02-08-2024","1,424.08","1,462.88","1,462.88","1,420.22","490.45M","-2.70%"
"01-08-2024","1,463.53","1,490.61","1,490.61","1,461.45","395.71M","-1.73%"
"31-07-2024","1,489.26","1,476.77","1,500.12","1,476.77","334.68M","1.08%"
"30-07-2024","1,473.41","1,465.08","1,480.60","1,465.08","335.76M","0.53%"
"29-07-2024","1,465.62","1,476.44","1,483.21","1,464.10","243.91M","-0.63%"
"26-07-2024","1,474.98","1,459.55","1,477.26","1,459.55","260.60M","1.04%"
"25-07-2024","1,459.79","1,479.68","1,479.68","1,444.62","340.30M","-1.52%"
"24-07-2024","1,482.37","1,492.43","1,492.43","1,478.94","279.84M","-0.81%"
"23-07-2024","1,494.50","1,497.57","1,505.18","1,490.17","256.40M","-0.09%"
"22-07-2024","1,495.85","1,482.23","1,500.44","1,482.23","272.31M","0.96%"
"19-07-2024","1,481.59","1,492.19","1,492.19","1,479.91","283.38M","-0.76%"
"18-07-2024","1,492.88","1,494.67","1,508.12","1,490.03","255.87M","-0.03%"
"17-07-2024","1,493.35","1,510.77","1,510.77","1,490.45","218.38M","-1.17%"
"16-07-2024","1,511.04","1,516.42","1,516.42","1,506.38","228.17M","-0.46%"
"15-07-2024","1,517.96","1,530.72","1,533.19","1,517.88","205.80M","-0.89%"
"12-07-2024","1,531.57","1,517.74","1,534.24","1,517.74","230.60M","0.95%"
"11-07-2024","1,517.16","1,516.09","1,526.08","1,514.50","256.10M","0.20%"
"10-07-2024","1,514.15","1,500.75","1,514.70","1,498.79","240.06M","0.89%"
"09-07-2024","1,500.80","1,515.30","1,515.30","1,497.79","248.61M","-1.00%"
"08-07-2024","1,516.00","1,518.70","1,531.09","1,513.34","258.28M","-0.22%"
"05-07-2024","1,519.36","1,523.50","1,531.16","1,514.60","216.88M","-0.23%"
"04-07-2024","1,522.89","1,514.24","1,525.04","1,514.24","192.78M","0.65%"
"03-07-2024","1,513.11","1,498.23","1,516.70","1,498.23","272.16M","1.13%"
"02-07-2024","1,496.20","1,496.16","1,496.95","1,484.37","303.88M","-0.04%"
"01-07-2024","1,496.86","1,486.81","1,511.86","1,486.81","","0.85%"
"28-06-2024","1,484.29","1,489.22","1,494.93","1,481.14","311.86M","-0.27%"
"27-06-2024","1,488.28","1,493.32","1,497.52","1,487.89","290.67M","-0.34%"
"26-06-2024","1,493.37","1,503.70","1,511.62","1,486.68","280.25M","-0.59%"
"25-06-2024","1,502.22","1,506.55","1,506.55","1,495.02","256.79M","-0.45%"
"24-06-2024","1,508.99","1,497.36","1,512.52","1,496.59","273.81M","0.73%"
"21-06-2024","1,498.03","1,510.99","1,510.99","1,494.22","701.30M","-0.90%"
"20-06-2024","1,511.69","1,492.69","1,512.48","1,492.69","301.30M","1.29%"
"19-06-2024","1,492.42","1,500.79","1,502.23","1,492.16","260.44M","-0.54%"
"18-06-2024","1,500.52","1,486.67","1,501.81","1,486.67","319.41M","0.99%"
"17-06-2024","1,485.86","1,476.66","1,493.04","1,474.52","325.53M","0.69%"
"14-06-2024","1,475.66","1,504.37","1,506.06","1,470.02","569.94M","-1.92%"
"13-06-2024","1,504.48","1,531.97","1,531.97","1,502.02","381.98M","-1.85%"
"12-06-2024","1,532.78","1,515.59","1,536.25","1,515.59","298.41M","1.22%"
"11-06-2024","1,514.29","1,532.36","1,536.97","1,507.64","356.66M","-1.14%"
"10-06-2024","1,531.79","1,538.79","1,538.79","1,517.65","298.07M","-0.57%"
"07-06-2024","1,540.61","1,546.76","1,549.39","1,532.17","267.95M","-0.38%"
"06-06-2024","1,546.53","1,538.84","1,548.41","1,538.84","272.70M","0.53%"
"05-06-2024","1,538.33","1,520.95","1,542.22","1,520.95","284.08M","1.27%"
"04-06-2024","1,519.03","1,533.92","1,533.92","1,515.40","339.68M","-1.04%"
"03-06-2024","1,535.05","1,532.33","1,547.10","1,532.33","266.13M","0.29%"
"31-05-2024","1,530.66","1,530.86","1,536.25","1,527.36","748.35M","0.02%"
"30-05-2024","1,530.32","1,525.68","1,532.78","1,521.68","259.84M","0.18%"
"29-05-2024","1,527.51","1,545.16","1,545.16","1,524.16","288.36M","-1.16%"
"28-05-2024","1,545.50","1,553.89","1,556.72","1,542.43","252.76M","-0.54%"
"27-05-2024","1,553.88","1,547.66","1,553.91","1,545.64","146.80M","0.41%"
"24-05-2024","1,547.46","1,546.26","1,548.69","1,534.48","231.69M","-0.03%"
"23-05-2024","1,547.98","1,543.22","1,555.41","1,543.14","248.98M","0.31%"
"22-05-2024","1,543.25","1,546.61","1,546.61","1,541.23","271.03M","-0.29%"
"21-05-2024","1,547.76","1,553.69","1,553.69","1,539.53","305.98M","-0.41%"
"20-05-2024","1,554.12","1,552.75","1,554.56","1,550.76","288.08M","0.08%"
"17-05-2024","1,552.83","1,554.11","1,554.11","1,546.45","386.18M","-0.11%"
"16-05-2024","1,554.53","1,557.35","1,560.41","1,552.43","320.51M","-0.20%"
"15-05-2024","1,557.64","1,552.19","1,559.70","1,552.19","324.94M","0.39%"
"14-05-2024","1,551.56","1,550.96","1,552.73","1,545.94","388.42M","0.02%"
"13-05-2024","1,551.25","1,551.23","1,552.11","1,547.94","286.32M","-0.09%"
"10-05-2024","1,552.63","1,543.38","1,555.73","1,543.38","371.07M","0.73%"
"09-05-2024","1,541.34","1,534.24","1,542.55","1,532.82","264.74M","0.45%"
"08-05-2024","1,534.38","1,528.29","1,537.87","1,528.29","318.35M","0.39%"
"07-05-2024","1,528.47","1,516.91","1,528.79","1,516.91","336.06M","0.83%"
"06-05-2024","1,515.93","1,504.85","1,520.47","1,504.85","249.99M","0.74%"
"03-05-2024","1,504.86","1,498.20","1,512.62","1,498.20","413.01M","0.53%"
"02-05-2024","1,496.99","1,502.78","1,502.78","1,491.93","390.28M","-0.44%"
"30-04-2024","1,503.61","1,517.85","1,521.14","1,502.44","333.45M","-0.99%"
"29-04-2024","1,518.59","1,520.09","1,527.03","1,518.55","306.02M","-0.06%"
"26-04-2024","1,519.43","1,505.61","1,523.57","1,505.61","290.84M","0.96%"
"25-04-2024","1,504.93","1,515.69","1,515.79","1,495.54","301.95M","-0.72%"
"24-04-2024","1,515.77","1,519.08","1,527.24","1,513.51","339.05M","-0.19%"
"23-04-2024","1,518.62","1,503.92","1,519.95","1,503.92","382.93M","1.06%"
"22-04-2024","1,502.71","1,496.84","1,505.27","1,496.84","301.03M","0.46%"
"19-04-2024","1,495.88","1,497.08","1,500.40","1,484.63","338.76M","-0.33%"
"18-04-2024","1,500.80","1,495.27","1,502.23","1,493.34","284.39M","0.41%"
"17-04-2024","1,494.71","1,501.70","1,508.25","1,491.20","275.58M","-0.48%"
"16-04-2024","1,501.87","1,519.39","1,519.39","1,496.28","303.59M","-1.29%"
"15-04-2024","1,521.47","1,523.15","1,536.47","1,519.11","271.71M","0.00%"
"12-04-2024","1,521.43","1,521.55","1,537.75","1,516.62","303.70M","0.22%"
"11-04-2024","1,518.09","1,524.13","1,531.39","1,510.31","312.42M","-0.42%"
"10-04-2024","1,524.45","1,522.81","1,534.00","1,511.45","316.72M","0.29%"
"09-04-2024","1,520.05","1,530.38","1,530.83","1,517.05","266.92M","-0.71%"
"08-04-2024","1,530.97","1,519.92","1,533.86","1,518.58","228.45M","0.72%"
"05-04-2024","1,520.10","1,526.03","1,526.03","1,510.35","387.21M","-0.64%"
"04-04-2024","1,529.90","1,531.73","1,537.05","1,529.57","253.85M","-0.10%"
"03-04-2024","1,531.46","1,521.57","1,531.62","1,520.40","312.33M","0.69%"
"02-04-2024","1,521.00","1,527.12","1,540.31","1,520.57","367.60M","-0.35%"
"28-03-2024","1,526.34","1,525.13","1,530.86","1,525.13","314.30M","0.10%"
"27-03-2024","1,524.88","1,522.71","1,528.39","1,522.71","255.13M","0.10%"
"26-03-2024","1,523.29","1,518.61","1,525.05","1,517.04","262.18M","0.30%"
"25-03-2024","1,518.73","1,515.03","1,521.19","1,512.12","238.45M","0.24%"
"22-03-2024","1,515.10","1,515.58","1,517.44","1,508.93","268.99M","-0.08%"
"21-03-2024","1,516.35","1,503.59","1,520.52","1,503.59","289.87M","0.97%"
"20-03-2024","1,501.71","1,502.89","1,504.74","1,497.26","275.83M","-0.11%"
"19-03-2024","1,503.42","1,494.62","1,503.48","1,493.32","294.96M","0.60%"
"18-03-2024","1,494.49","1,494.69","1,499.56","1,492.81","270.19M","0.13%"
"15-03-2024","1,492.53","1,494.13","1,503.39","1,492.40","879.72M","-0.12%"
"14-03-2024","1,494.29","1,495.89","1,504.66","1,492.04","362.10M","-0.09%"
"13-03-2024","1,495.66","1,491.71","1,500.02","1,491.71","361.24M","0.28%"
"12-03-2024","1,491.54","1,479.36","1,493.01","1,479.36","362.58M","0.84%"
"11-03-2024","1,479.08","1,487.19","1,487.22","1,474.82","293.53M","-0.56%"
"08-03-2024","1,487.47","1,491.66","1,495.37","1,487.35","256.42M","-0.23%"
"07-03-2024","1,490.95","1,477.39","1,492.27","1,471.14","344.80M","0.87%"
"06-03-2024","1,478.07","1,469.67","1,479.10","1,469.41","334.32M","0.57%"
"05-03-2024","1,469.72","1,471.34","1,474.31","1,466.15","330.88M","-0.10%"
"04-03-2024","1,471.15","1,471.01","1,472.24","1,467.53","230.13M","0.23%"
"01-03-2024","1,467.75","1,460.18","1,467.76","1,459.81","393.80M","0.59%"
"29-02-2024","1,459.20","1,462.27","1,464.73","1,459.18","588.90M","-0.24%"
"28-02-2024","1,462.67","1,464.05","1,464.05","1,458.86","274.66M","-0.15%"
"27-02-2024","1,464.91","1,460.12","1,466.00","1,458.83","294.41M","0.32%"
"26-02-2024","1,460.28","1,466.50","1,466.50","1,459.37","310.36M","-0.47%"
"23-02-2024","1,467.12","1,463.06","1,468.90","1,461.42","327.96M","0.29%"
"22-02-2024","1,462.92","1,446.19","1,467.71","1,446.19","343.39M","1.24%"
"21-02-2024","1,445.06","1,441.55","1,446.01","1,438.96","313.16M","0.23%"
"20-02-2024","1,441.72","1,445.01","1,445.46","1,439.82","232.66M","-0.24%"
"19-02-2024","1,445.12","1,446.68","1,446.68","1,441.01","204.79M","-0.14%"
"16-02-2024","1,447.13","1,442.33","1,450.18","1,442.33","323.37M","0.47%"
"15-02-2024","1,440.41","1,431.18","1,442.60","1,431.18","313.55M","0.58%"
"14-02-2024","1,432.11","1,426.42","1,434.39","1,424.23","241.65M","0.33%"
"13-02-2024","1,427.38","1,442.54","1,442.54","1,421.82","273.08M","-1.02%"
"12-02-2024","1,442.11","1,437.31","1,442.12","1,437.06","255.82M","0.40%"
"09-02-2024","1,436.39","1,431.76","1,437.57","1,431.38","330.78M","0.33%"
"08-02-2024","1,431.64","1,425.16","1,434.57","1,424.28","318.89M","0.46%"
"07-02-2024","1,425.04","1,429.07","1,431.39","1,425.01","393.91M","-0.26%"
"06-02-2024","1,428.74","1,418.87","1,429.45","1,418.87","458.50M","0.80%"
"05-02-2024","1,417.34","1,416.37","1,421.47","1,413.04","382.35M","0.06%"
"02-02-2024","1,416.46","1,419.25","1,426.91","1,416.11","313.52M","-0.18%"
"01-02-2024","1,418.98","1,426.09","1,426.09","1,414.93","454.49M","-0.38%"
"31-01-2024","1,424.37","1,426.86","1,431.19","1,423.59","379.77M","-0.14%"
"30-01-2024","1,426.39","1,422.37","1,428.66","1,421.90","338.59M","0.30%"
"29-01-2024","1,422.10","1,421.69","1,424.39","1,418.72","310.76M","0.07%"
"26-01-2024","1,421.09","1,408.51","1,423.37","1,408.51","294.74M","0.56%"
"25-01-2024","1,413.13","1,407.26","1,414.36","1,402.33","286.68M","0.44%"
"24-01-2024","1,406.94","1,386.63","1,407.41","1,386.63","311.20M","1.52%"
"23-01-2024","1,385.89","1,388.14","1,393.53","1,382.13","246.93M","-0.15%"
"22-01-2024","1,388.04","1,380.38","1,392.67","1,380.38","273.12M","0.59%"
"19-01-2024","1,379.90","1,383.50","1,389.84","1,377.51","301.06M","-0.10%"
"18-01-2024","1,381.31","1,367.69","1,382.25","1,367.69","283.90M","0.98%"
"17-01-2024","1,367.96","1,379.37","1,379.37","1,360.61","310.70M","-1.00%"
"16-01-2024","1,381.83","1,382.93","1,382.93","1,372.14","262.97M","-0.18%"
"15-01-2024","1,384.34","1,391.28","1,393.27","1,383.22","197.89M","-0.44%"
"12-01-2024","1,390.45","1,378.72","1,394.93","1,378.72","247.60M","0.95%"
"11-01-2024","1,377.33","1,383.15","1,393.16","1,376.89","275.46M","-0.38%"
"10-01-2024","1,382.54","1,386.42","1,389.29","1,380.75","251.70M","-0.27%"
"09-01-2024","1,386.25","1,388.92","1,391.08","1,382.30","267.16M","-0.19%"
"08-01-2024","1,388.91","1,386.16","1,389.54","1,376.78","243.91M","0.09%"
"05-01-2024","1,387.65","1,388.15","1,389.93","1,374.58","296.96M","-0.15%"
"04-01-2024","1,389.78","1,381.52","1,390.49","1,381.52","312.20M","0.64%"
"03-01-2024","1,380.98","1,394.61","1,395.57","1,375.39","296.30M","-1.01%"
"02-01-2024","1,395.11","1,396.48","1,409.18","1,387.90","263.69M","-0.03%"
"29-12-2023","1,395.52","1,394.97","1,400.72","1,394.04","138.24M","0.05%"
"28-12-2023","1,394.89","1,400.47","1,403.25","1,394.56","148.27M","-0.37%"
"27-12-2023","1,400.14","1,395.99","1,403.74","1,395.99","164.42M","0.28%"
"22-12-2023","1,396.21","1,395.75","1,397.66","1,391.58","176.62M","0.04%"
"21-12-2023","1,395.62","1,399.04","1,399.04","1,390.04","182.05M","-0.30%"
"20-12-2023","1,399.76","1,400.67","1,406.40","1,394.20","230.90M","-0.03%"
"19-12-2023","1,400.18","1,396.87","1,400.81","1,396.33","255.76M","0.24%"
"18-12-2023","1,396.76","1,400.83","1,402.28","1,394.71","248.35M","-0.36%"
"15-12-2023","1,401.80","1,400.68","1,410.96","1,400.42","726.29M","0.13%"
"14-12-2023","1,399.95","1,390.00","1,409.92","1,390.00","515.10M","0.84%"
"13-12-2023","1,388.30","1,390.25","1,394.32","1,388.23","293.90M","-0.14%"
"12-12-2023","1,390.29","1,391.79","1,398.84","1,389.15","273.09M","-0.12%"
"11-12-2023","1,391.90","1,391.57","1,393.75","1,386.62","258.65M","0.27%"
"08-12-2023","1,388.16","1,375.82","1,390.41","1,375.82","279.37M","0.92%"
"07-12-2023","1,375.49","1,376.14","1,377.13","1,372.59","289.89M","-0.07%"
"06-12-2023","1,376.39","1,370.24","1,380.58","1,370.24","315.34M","0.47%"
"05-12-2023","1,369.97","1,363.17","1,371.01","1,360.57","285.38M","0.48%"
"04-12-2023","1,363.48","1,367.45","1,368.25","1,361.87","262.38M","-0.32%"
"01-12-2023","1,367.83","1,357.76","1,368.68","1,357.76","260.98M","0.77%"
"30-11-2023","1,357.44","1,352.02","1,361.91","1,351.56","714.85M","0.35%"
"29-11-2023","1,352.75","1,350.06","1,357.15","1,347.78","323.84M","0.14%"
"28-11-2023","1,350.84","1,352.70","1,352.70","1,345.20","245.69M","-0.15%"
"27-11-2023","1,352.90","1,357.72","1,358.07","1,352.84","235.19M","-0.39%"
"24-11-2023","1,358.23","1,352.39","1,358.96","1,351.51","217.91M","0.40%"
"23-11-2023","1,352.79","1,348.06","1,353.25","1,348.06","187.56M","0.39%"
"22-11-2023","1,347.49","1,345.19","1,351.35","1,345.16","239.71M","0.17%"
"21-11-2023","1,345.24","1,350.36","1,350.78","1,344.32","263.58M","-0.38%"
"20-11-2023","1,350.41","1,348.32","1,352.02","1,347.17","303.65M","0.18%"
"17-11-2023","1,347.96","1,336.02","1,349.50","1,336.02","385.22M","0.89%"
"16-11-2023","1,336.09","1,347.47","1,347.47","1,335.91","354.31M","-0.87%"
"15-11-2023","1,347.81","1,344.29","1,351.69","1,344.29","334.20M","0.37%"
"14-11-2023","1,342.78","1,330.23","1,346.40","1,327.12","396.53M","1.03%"
"13-11-2023","1,329.06","1,317.98","1,329.60","1,317.98","287.20M","0.90%"
"10-11-2023","1,317.17","1,322.83","1,322.83","1,310.45","261.63M","-0.50%"
"09-11-2023","1,323.78","1,310.35","1,324.96","1,304.32","299.98M","1.01%"
"08-11-2023","1,310.55","1,307.40","1,317.22","1,301.25","308.61M","0.19%"
"07-11-2023","1,308.06","1,313.54","1,315.28","1,306.30","269.76M","-0.55%"
"06-11-2023","1,315.23","1,318.71","1,323.43","1,314.36","281.51M","-0.27%"
"03-11-2023","1,318.73","1,317.53","1,323.98","1,316.62","382.07M","0.14%"
"02-11-2023","1,316.95","1,296.00","1,321.88","1,296.00","377.36M","1.72%"
"01-11-2023","1,294.67","1,285.86","1,298.59","1,282.24","292.49M","0.67%"
"31-10-2023","1,286.00","1,274.05","1,289.13","1,274.05","330.65M","0.94%"
"30-10-2023","1,274.02","1,271.21","1,281.87","1,271.21","266.25M","0.30%"
"27-10-2023","1,270.18","1,283.01","1,286.48","1,268.43","266.94M","-0.88%"
"26-10-2023","1,281.47","1,285.78","1,286.13","1,271.95","305.28M","-0.38%"
"25-10-2023","1,286.38","1,284.98","1,288.61","1,277.85","249.64M","0.02%"
"24-10-2023","1,286.11","1,280.06","1,288.95","1,276.00","262.36M","0.56%"
"23-10-2023","1,278.93","1,274.47","1,280.16","1,265.15","267.23M","0.35%"
"20-10-2023","1,274.50","1,290.33","1,290.33","1,274.46","341.69M","-1.45%"
"19-10-2023","1,293.20","1,302.28","1,302.28","1,289.07","276.76M","-0.71%"
"18-10-2023","1,302.51","1,314.13","1,316.89","1,300.53","242.36M","-0.90%"
"17-10-2023","1,314.38","1,313.15","1,319.29","1,303.12","211.55M","0.05%"
"16-10-2023","1,313.73","1,309.47","1,317.69","1,304.50","232.74M","0.35%"
"13-10-2023","1,309.15","1,323.92","1,325.49","1,308.21","309.91M","-1.15%"
"12-10-2023","1,324.39","1,324.02","1,334.35","1,323.96","305.47M","0.06%"
"11-10-2023","1,323.60","1,329.57","1,330.61","1,318.58","273.53M","-0.49%"
"10-10-2023","1,330.16","1,304.81","1,330.98","1,304.81","288.45M","2.00%"
"09-10-2023","1,304.03","1,305.30","1,310.16","1,296.60","267.40M","-0.14%"
"06-10-2023","1,305.88","1,296.27","1,306.29","1,291.99","293.13M","0.77%"
"05-10-2023","1,295.87","1,295.09","1,301.26","1,291.34","243.97M","0.12%"
"04-10-2023","1,294.31","1,294.91","1,304.41","1,286.53","316.63M","-0.11%"
"03-10-2023","1,295.75","1,308.93","1,311.95","1,294.72","315.92M","-1.09%"
"02-10-2023","1,310.08","1,324.00","1,332.51","1,305.24","263.00M","-1.03%"
"29-09-2023","1,323.71","1,321.91","1,336.27","1,321.91","296.64M","0.44%"
"28-09-2023","1,317.92","1,312.42","1,318.16","1,304.12","277.09M","0.44%"
"27-09-2023","1,312.13","1,310.54","1,317.84","1,309.08","250.59M","0.12%"
"26-09-2023","1,310.55","1,319.57","1,319.57","1,304.07","268.64M","-0.75%"
"25-09-2023","1,320.49","1,331.00","1,333.22","1,313.39","261.60M","-0.85%"
"22-09-2023","1,331.82","1,334.36","1,335.55","1,324.94","312.33M","-0.24%"
"21-09-2023","1,335.02","1,351.88","1,351.88","1,331.25","330.00M","-1.32%"
"20-09-2023","1,352.86","1,345.15","1,356.31","1,343.59","376.15M","0.56%"
"19-09-2023","1,345.39","1,343.62","1,350.37","1,339.97","234.17M","0.11%"
"18-09-2023","1,343.85","1,358.21","1,358.21","1,340.91","294.08M","-1.12%"
"15-09-2023","1,359.14","1,355.99","1,370.02","1,355.99","711.95M","0.36%"
"14-09-2023","1,354.33","1,335.69","1,356.93","1,303.56","423.15M","1.38%"
"13-09-2023","1,335.91","1,339.75","1,340.30","1,329.74","271.69M","-0.40%"
"12-09-2023","1,341.34","1,347.09","1,350.05","1,338.04","287.11M","-0.32%"
"11-09-2023","1,345.71","1,341.01","1,352.32","1,341.01","289.14M","0.40%"
"08-09-2023","1,340.38","1,336.12","1,341.96","1,324.89","246.19M","0.36%"
"07-09-2023","1,335.53","1,341.08","1,344.02","1,332.19","265.33M","-0.43%"
"06-09-2023","1,341.24","1,349.64","1,349.64","1,337.26","291.05M","-0.70%"
"05-09-2023","1,350.68","1,352.58","1,356.04","1,339.41","222.99M","-0.23%"
"04-09-2023","1,353.83","1,355.75","1,367.37","1,352.39","161.39M","-0.10%"
"01-09-2023","1,355.17","1,355.55","1,364.81","1,354.56","242.78M","-0.04%"
"31-08-2023","1,355.74","1,361.63","1,367.59","1,355.63","489.17M","-0.45%"
"30-08-2023","1,361.81","1,364.44","1,369.08","1,356.07","228.65M","-0.18%"
"29-08-2023","1,364.33","1,355.80","1,365.04","1,355.36","240.03M","0.69%"
"28-08-2023","1,354.95","1,339.96","1,357.70","1,339.96","181.84M","1.27%"
"25-08-2023","1,337.97","1,336.16","1,348.09","1,332.85","194.68M","0.14%"
"24-08-2023","1,336.13","1,347.66","1,360.03","1,335.62","232.16M","-0.62%"
"23-08-2023","1,344.41","1,343.67","1,351.68","1,339.54","224.26M","0.09%"
"22-08-2023","1,343.19","1,333.92","1,351.85","1,333.92","209.82M","0.73%"
"21-08-2023","1,333.45","1,328.57","1,344.74","1,328.57","229.50M","0.37%"
"18-08-2023","1,328.59","1,333.74","1,333.74","1,317.99","259.77M","-0.43%"
"17-08-2023","1,334.39","1,349.07","1,349.07","1,333.46","240.02M","-1.16%"
"16-08-2023","1,350.00","1,353.06","1,357.02","1,347.53","216.38M","-0.32%"
"15-08-2023","1,354.34","1,366.32","1,367.58","1,350.06","187.80M","-0.80%"
"14-08-2023","1,365.27","1,364.97","1,368.95","1,358.24","189.61M","0.03%"
"11-08-2023","1,364.89","1,381.94","1,381.94","1,361.31","233.16M","-1.30%"
"10-08-2023","1,382.88","1,368.31","1,388.40","1,368.31","294.86M","1.12%"
"09-08-2023","1,367.55","1,358.36","1,376.71","1,358.36","374.83M","0.75%"
"08-08-2023","1,357.32","1,367.53","1,367.53","1,349.13","597.19M","-0.83%"
"07-08-2023","1,368.68","1,369.48","1,371.43","1,360.80","208.55M","-0.07%"
"04-08-2023","1,369.69","1,361.55","1,370.86","1,358.12","297.34M","0.62%"
"03-08-2023","1,361.19","1,366.87","1,366.87","1,351.85","314.68M","-0.48%"
"02-08-2023","1,367.78","1,386.59","1,386.59","1,365.29","326.34M","-1.44%"
"01-08-2023","1,387.71","1,400.83","1,400.99","1,386.74","296.64M","-0.97%"
"31-07-2023","1,401.34","1,400.06","1,406.01","1,397.32","327.33M","0.05%"
"28-07-2023","1,400.61","1,400.68","1,403.50","1,391.24","417.49M","-0.06%"
"27-07-2023","1,401.48","1,375.33","1,402.67","1,375.33","391.15M","1.91%"
"26-07-2023","1,375.22","1,390.16","1,390.16","1,365.26","315.93M","-1.10%"
"25-07-2023","1,390.51","1,387.60","1,394.10","1,387.58","232.03M","0.23%"
"24-07-2023","1,387.25","1,388.24","1,388.43","1,381.15","235.11M","-0.09%"
"21-07-2023","1,388.49","1,382.41","1,388.59","1,380.17","287.16M","0.50%"
"20-07-2023","1,381.64","1,376.54","1,383.10","1,372.07","302.07M","0.29%"
"19-07-2023","1,377.67","1,376.56","1,384.52","1,376.56","274.56M","0.21%"
"18-07-2023","1,374.73","1,369.42","1,376.14","1,367.21","216.02M","0.33%"
"17-07-2023","1,370.22","1,379.83","1,379.83","1,367.66","186.36M","-0.81%"
"14-07-2023","1,381.40","1,379.87","1,387.11","1,378.55","247.98M","0.09%"
"13-07-2023","1,380.12","1,371.05","1,385.76","1,371.05","287.70M","0.67%"
"12-07-2023","1,370.87","1,350.02","1,373.02","1,350.02","303.70M","1.62%"
"11-07-2023","1,348.98","1,339.08","1,352.86","1,339.08","209.87M","0.83%"
"10-07-2023","1,337.93","1,332.77","1,342.76","1,327.18","189.14M","0.38%"
"07-07-2023","1,332.90","1,327.50","1,338.17","1,320.48","262.56M","0.49%"
"06-07-2023","1,326.45","1,363.94","1,363.94","1,323.65","380.89M","-2.77%"
"05-07-2023","1,364.28","1,375.21","1,375.21","1,362.07","269.36M","-0.85%"
"04-07-2023","1,376.01","1,376.23","1,380.65","1,376.01","197.32M","-0.01%"
"03-07-2023","1,376.20","1,374.55","1,382.11","1,374.55","274.03M","0.18%"
"30-06-2023","1,373.75","1,361.70","1,376.62","1,361.16","388.25M","0.93%"
"29-06-2023","1,361.13","1,356.99","1,364.40","1,356.14","277.49M","0.33%"
"28-06-2023","1,356.63","1,346.15","1,358.11","1,346.15","238.36M","0.92%"
"27-06-2023","1,344.32","1,341.46","1,348.94","1,335.23","248.68M","0.45%"
"26-06-2023","1,338.25","1,335.08","1,342.29","1,324.55","249.74M","0.27%"
"23-06-2023","1,334.61","1,343.32","1,343.32","1,329.94","292.56M","-0.73%"
"22-06-2023","1,344.40","1,347.27","1,347.27","1,332.56","270.19M","-0.46%"
"21-06-2023","1,350.64","1,355.82","1,357.58","1,348.59","271.45M","-0.38%"
"20-06-2023","1,355.81","1,363.35","1,363.58","1,354.90","268.41M","-0.60%"
"19-06-2023","1,363.98","1,374.25","1,374.25","1,362.36","262.97M","-0.89%"
"16-06-2023","1,376.19","1,366.28","1,379.99","1,366.28","705.55M","0.75%"
"15-06-2023","1,365.99","1,367.08","1,367.70","1,357.30","286.51M","-0.17%"
"14-06-2023","1,368.32","1,361.40","1,372.35","1,360.10","333.02M","0.50%"
"13-06-2023","1,361.51","1,350.83","1,363.70","1,350.79","287.35M","0.82%"
"12-06-2023","1,350.48","1,346.46","1,356.09","1,346.46","255.43M","0.35%"
"09-06-2023","1,345.81","1,347.82","1,350.64","1,340.62","230.87M","-0.09%"
"08-06-2023","1,346.99","1,342.12","1,348.41","1,340.07","278.17M","0.22%"
"07-06-2023","1,344.06","1,343.12","1,347.05","1,337.90","270.20M","0.06%"
"06-06-2023","1,343.27","1,342.18","1,344.56","1,334.75","262.25M","0.06%"
"05-06-2023","1,342.41","1,351.24","1,355.35","1,341.36","257.47M","-0.66%"
"02-06-2023","1,351.29","1,328.31","1,352.28","1,328.31","299.14M","1.73%"
"01-06-2023","1,328.30","1,319.43","1,332.87","1,319.43","291.31M","0.76%"
"31-05-2023","1,318.32","1,336.54","1,336.54","1,316.28","972.71M","-1.48%"
"30-05-2023","1,338.14","1,352.61","1,353.73","1,336.22","296.48M","-1.13%"
"29-05-2023","1,353.39","1,357.74","1,362.88","1,352.22","164.84M","-0.32%"
"26-05-2023","1,357.77","1,341.66","1,360.76","1,338.74","294.85M","1.25%"
"25-05-2023","1,340.95","1,343.95","1,349.03","1,339.33","308.29M","-0.26%"
"24-05-2023","1,344.50","1,365.08","1,365.08","1,339.64","389.32M","-1.61%"
"23-05-2023","1,366.47","1,378.51","1,378.51","1,366.47","235.79M","-0.91%"
"22-05-2023","1,378.99","1,379.69","1,381.49","1,374.71","280.71M","-0.12%"
"19-05-2023","1,380.62","1,374.78","1,386.64","1,374.78","343.42M","0.45%"
"18-05-2023","1,374.47","1,366.66","1,378.99","1,366.66","295.93M","0.56%"
"17-05-2023","1,366.81","1,366.06","1,369.44","1,358.81","259.46M","0.03%"
"16-05-2023","1,366.42","1,369.15","1,372.19","1,362.67","259.89M","-0.23%"
"15-05-2023","1,369.54","1,366.89","1,373.89","1,365.20","221.81M","0.20%"
"12-05-2023","1,366.85","1,360.79","1,373.05","1,360.79","275.13M","0.44%"
"11-05-2023","1,360.84","1,360.69","1,371.07","1,352.74","320.91M","0.04%"
"10-05-2023","1,360.26","1,362.57","1,367.64","1,356.81","329.42M","-0.21%"
"09-05-2023","1,363.10","1,372.06","1,372.06","1,357.16","275.12M","-0.71%"
"08-05-2023","1,372.87","1,369.07","1,375.75","1,367.82","222.79M","0.30%"
"05-05-2023","1,368.82","1,351.37","1,369.01","1,351.37","358.44M","1.37%"
"04-05-2023","1,350.26","1,355.09","1,356.47","1,344.50","364.07M","-0.38%"
"03-05-2023","1,355.39","1,353.54","1,361.08","1,353.54","298.86M","0.16%"
"02-05-2023","1,353.22","1,373.31","1,376.59","1,352.15","364.08M","-1.43%"
"28-04-2023","1,372.90","1,369.12","1,373.19","1,356.20","208.93M","0.31%"
"27-04-2023","1,368.70","1,365.34","1,371.40","1,361.34","181.01M","0.21%"
"26-04-2023","1,365.77","1,375.27","1,375.27","1,358.71","199.27M","-0.81%"
"25-04-2023","1,376.87","1,384.92","1,384.92","1,373.79","169.65M","-0.69%"
"24-04-2023","1,386.40","1,386.08","1,388.53","1,380.95","150.84M","-0.09%"
"21-04-2023","1,387.71","1,381.15","1,387.82","1,378.10","176.74M","0.37%"
"20-04-2023","1,382.56","1,382.96","1,383.37","1,376.58","154.71M","-0.05%"
"19-04-2023","1,383.21","1,383.11","1,384.19","1,376.95","152.25M","-0.02%"
"18-04-2023","1,383.42","1,378.70","1,387.99","1,378.70","158.24M","0.37%"
"17-04-2023","1,378.38","1,382.50","1,386.87","1,378.03","161.92M","-0.23%"
"14-04-2023","1,381.52","1,376.48","1,384.41","1,376.48","172.19M","0.38%"
"13-04-2023","1,376.31","1,368.45","1,376.80","1,368.25","141.10M","0.92%"
"12-04-2023","1,363.78","1,366.89","1,377.82","1,360.79","152.91M","-0.30%"
"11-04-2023","1,367.95","1,360.61","1,369.70","1,360.61","168.44M","0.65%"
"06-04-2023","1,359.08","1,357.85","1,361.60","1,355.94","152.47M","0.12%"
"05-04-2023","1,357.46","1,363.29","1,364.33","1,354.12","161.39M","-0.45%"
"04-04-2023","1,363.60","1,366.54","1,373.54","1,363.11","161.62M","-0.14%"
"03-04-2023","1,365.46","1,360.89","1,368.34","1,360.59","168.32M","0.38%"
"31-03-2023","1,360.26","1,350.87","1,363.07","1,350.17","189.95M","0.72%"
"30-03-2023","1,350.53","1,337.57","1,354.88","1,337.57","175.67M","0.97%"
"29-03-2023","1,337.57","1,318.04","1,338.98","1,318.04","171.92M","1.51%"
"28-03-2023","1,317.69","1,318.42","1,329.52","1,313.70","163.87M","0.11%"
"27-03-2023","1,316.25","1,308.56","1,324.61","1,308.56","184.42M","0.65%"
"24-03-2023","1,307.70","1,328.15","1,328.15","1,298.77","270.63M","-1.64%"
"23-03-2023","1,329.53","1,324.56","1,331.63","1,316.86","170.63M","0.32%"
"22-03-2023","1,325.34","1,319.27","1,329.48","1,315.50","172.44M","0.46%"
"21-03-2023","1,319.26","1,304.72","1,327.91","1,304.72","214.62M","1.20%"
"20-03-2023","1,303.56","1,288.39","1,309.21","1,266.60","284.80M","1.10%"
"17-03-2023","1,289.39","1,304.77","1,320.52","1,283.58","515.61M","-1.04%"
"16-03-2023","1,302.93","1,284.73","1,308.36","1,276.21","308.54M","1.70%"
"15-03-2023","1,281.21","1,323.52","1,323.52","1,277.81","378.98M","-3.25%"
"14-03-2023","1,324.28","1,303.31","1,328.00","1,299.37","235.90M","1.62%"
"13-03-2023","1,303.23","1,337.69","1,337.69","1,294.12","308.01M","-2.56%"
"10-03-2023","1,337.47","1,348.86","1,348.86","1,327.11","224.05M","-1.16%"
"09-03-2023","1,353.10","1,355.08","1,356.96","1,344.86","146.77M","-0.24%"
"08-03-2023","1,356.36","1,355.85","1,359.23","1,350.77","161.60M","-0.03%"
"07-03-2023","1,356.72","1,366.16","1,369.35","1,356.19","153.60M","-0.77%"
"06-03-2023","1,367.27","1,365.83","1,372.82","1,363.45","146.67M","0.15%"
"03-03-2023","1,365.25","1,356.33","1,367.09","1,356.33","163.35M","0.79%"
"02-03-2023","1,354.51","1,342.27","1,354.77","1,333.58","169.92M","0.78%"
"01-03-2023","1,344.02","1,351.92","1,360.94","1,341.87","178.34M","-0.41%"
"28-02-2023","1,349.62","1,354.91","1,358.55","1,348.28","244.24M","-0.43%"
"27-02-2023","1,355.47","1,338.95","1,361.02","1,338.95","156.14M","1.41%"
"24-02-2023","1,336.64","1,358.89","1,365.35","1,336.64","198.69M","-1.58%"
"23-02-2023","1,358.05","1,355.52","1,365.88","1,355.52","178.17M","0.21%"
"22-02-2023","1,355.19","1,357.37","1,357.80","1,344.84","182.04M","-0.22%"
"21-02-2023","1,358.19","1,365.07","1,365.07","1,346.99","157.51M","-0.52%"
"20-02-2023","1,365.30","1,367.56","1,369.54","1,361.86","113.03M","-0.12%"
"17-02-2023","1,366.91","1,374.00","1,374.00","1,355.19","196.49M","-0.60%"
"16-02-2023","1,375.10","1,369.49","1,380.22","1,366.92","194.38M","0.52%"
"15-02-2023","1,367.94","1,354.46","1,369.21","1,351.67","167.29M","0.99%"
"14-02-2023","1,354.57","1,354.92","1,366.03","1,351.57","186.34M","-0.03%"
"13-02-2023","1,354.91","1,340.66","1,355.74","1,340.66","156.29M","1.08%"
"10-02-2023","1,340.39","1,349.43","1,349.43","1,330.78","200.75M","-0.68%"
"09-02-2023","1,349.63","1,337.62","1,356.57","1,337.62","211.05M","0.99%"
"08-02-2023","1,336.46","1,339.50","1,351.53","1,336.37","190.30M","-0.05%"
"07-02-2023","1,337.09","1,337.91","1,340.73","1,332.57","165.78M","-0.05%"
"06-02-2023","1,337.71","1,355.05","1,355.05","1,332.18","157.86M","-1.35%"
"03-02-2023","1,356.04","1,343.69","1,356.04","1,336.96","213.44M","0.91%"
"02-02-2023","1,343.86","1,328.57","1,346.75","1,328.57","240.35M","1.20%"
"01-02-2023","1,327.87","1,327.98","1,334.06","1,324.10","166.57M","0.04%"
"31-01-2023","1,327.37","1,327.02","1,328.27","1,315.45","194.88M","0.01%"
"30-01-2023","1,327.19","1,333.75","1,333.75","1,317.17","156.47M","-0.55%"
"27-01-2023","1,334.51","1,332.95","1,336.29","1,327.83","159.67M","0.17%"
"26-01-2023","1,332.27","1,324.64","1,336.47","1,324.64","160.29M","0.68%"
"25-01-2023","1,323.30","1,328.10","1,329.91","1,315.75","157.98M","-0.36%"
"24-01-2023","1,328.06","1,328.55","1,333.28","1,321.42","149.85M","-0.03%"
"23-01-2023","1,328.43","1,317.94","1,330.56","1,317.94","122.95M","0.79%"
"20-01-2023","1,318.01","1,311.82","1,320.91","1,311.82","165.10M","0.57%"
"19-01-2023","1,310.60","1,330.62","1,330.62","1,309.64","188.98M","-1.82%"
"18-01-2023","1,334.94","1,332.85","1,342.35","1,332.85","176.24M","-0.01%"
"17-01-2023","1,335.08","1,328.58","1,339.23","1,322.89","186.79M","0.47%"
"16-01-2023","1,328.82","1,327.76","1,330.29","1,324.80","122.88M","0.14%"
"13-01-2023","1,326.90","1,319.70","1,329.81","1,319.60","171.24M","0.63%"
"12-01-2023","1,318.53","1,311.11","1,325.19","1,311.11","198.90M","0.62%"
"11-01-2023","1,310.35","1,300.27","1,313.81","1,300.27","175.93M","0.79%"
"10-01-2023","1,300.12","1,306.50","1,306.50","1,296.57","149.37M","-0.59%"
"09-01-2023","1,307.86","1,294.39","1,311.26","1,294.39","174.94M","1.05%"
"06-01-2023","1,294.31","1,275.89","1,294.35","1,275.06","153.10M","1.46%"
"05-01-2023","1,275.73","1,278.39","1,281.30","1,272.86","178.56M","-0.26%"
"04-01-2023","1,279.10","1,257.69","1,279.67","1,257.69","217.37M","1.73%"
"03-01-2023","1,257.36","1,251.98","1,272.94","1,251.45","172.78M","0.43%"
"02-01-2023","1,252.02","1,232.62","1,252.88","1,232.62","95.72M","1.66%"
"30-12-2022","1,231.60","1,249.84","1,249.84","1,230.78","100.02M","-1.50%"
"29-12-2022","1,250.30","1,238.03","1,251.17","1,232.71","97.73M","0.95%"
"28-12-2022","1,238.53","1,247.95","1,250.96","1,238.11","102.22M","-0.74%"
"27-12-2022","1,247.72","1,244.37","1,254.52","1,244.37","78.77M","0.48%"
"23-12-2022","1,241.78","1,244.15","1,247.17","1,236.51","100.24M","-0.16%"
"22-12-2022","1,243.81","1,256.09","1,263.35","1,241.85","136.77M","-0.96%"
"21-12-2022","1,255.86","1,234.18","1,256.70","1,234.18","168.53M","1.84%"
"20-12-2022","1,233.11","1,235.63","1,237.18","1,222.66","175.11M","-0.40%"
"19-12-2022","1,238.09","1,235.27","1,245.81","1,235.27","160.02M","0.28%"
"16-12-2022","1,234.59","1,247.89","1,247.89","1,228.62","430.39M","-1.13%"
"15-12-2022","1,248.65","1,283.74","1,283.74","1,246.14","234.31M","-2.90%"
"14-12-2022","1,285.98","1,288.99","1,288.99","1,280.49","182.33M","-0.26%"
"13-12-2022","1,289.30","1,269.60","1,303.28","1,269.60","201.07M","1.59%"
"12-12-2022","1,269.15","1,271.62","1,272.99","1,265.60","149.86M","-0.44%"
"09-12-2022","1,274.72","1,269.13","1,275.73","1,264.59","179.63M","0.41%"
"08-12-2022","1,269.51","1,270.17","1,273.88","1,264.97","161.44M","0.07%"
"07-12-2022","1,268.60","1,276.53","1,276.53","1,265.57","178.06M","-0.67%"
"06-12-2022","1,277.21","1,281.69","1,282.63","1,271.95","176.62M","-0.37%"
"05-12-2022","1,281.96","1,289.57","1,289.57","1,280.67","156.56M","-0.60%"
"02-12-2022","1,289.73","1,292.04","1,293.79","1,278.64","193.48M","-0.24%"
"01-12-2022","1,292.77","1,287.59","1,297.92","1,287.59","202.29M","0.45%"
"30-11-2022","1,286.93","1,273.61","1,287.57","1,273.61","367.10M","1.07%"
"29-11-2022","1,273.33","1,272.56","1,280.51","1,270.85","171.83M","0.09%"
"28-11-2022","1,272.19","1,276.78","1,276.78","1,266.04","170.68M","-0.57%"
"25-11-2022","1,279.45","1,278.40","1,282.42","1,276.28","137.27M","0.07%"
"24-11-2022","1,278.56","1,273.23","1,281.66","1,272.66","182.26M","0.42%"
"23-11-2022","1,273.20","1,266.86","1,274.25","1,265.47","151.32M","0.57%"
"22-11-2022","1,266.02","1,255.20","1,267.56","1,253.53","162.63M","0.72%"
"21-11-2022","1,256.95","1,259.83","1,260.37","1,254.29","160.04M","-0.25%"
"18-11-2022","1,260.10","1,253.21","1,267.05","1,253.21","194.23M","0.68%"
"17-11-2022","1,251.62","1,257.44","1,260.75","1,241.12","161.84M","-0.43%"
"16-11-2022","1,256.98","1,266.60","1,268.55","1,254.18","192.08M","-0.77%"
"15-11-2022","1,266.76","1,257.02","1,272.42","1,257.02","185.26M","0.75%"
"14-11-2022","1,257.38","1,255.95","1,265.19","1,255.27","181.10M","0.20%"
"11-11-2022","1,254.90","1,251.28","1,260.80","1,251.28","238.33M","0.73%"
"10-11-2022","1,245.75","1,215.60","1,246.98","1,207.32","252.84M","2.37%"
"09-11-2022","1,216.92","1,223.41","1,223.41","1,212.40","165.42M","-0.57%"
"08-11-2022","1,223.90","1,218.17","1,224.89","1,212.55","167.46M","0.39%"
"07-11-2022","1,219.18","1,215.56","1,223.07","1,207.49","171.97M","0.25%"
"04-11-2022","1,216.20","1,187.22","1,224.55","1,187.22","220.94M","2.52%"
"03-11-2022","1,186.33","1,193.28","1,193.28","1,176.30","190.04M","-0.66%"
"02-11-2022","1,194.23","1,205.18","1,212.77","1,193.43","175.45M","-0.92%"
"01-11-2022","1,205.29","1,196.20","1,214.62","1,196.20","157.40M","0.93%"
"31-10-2022","1,194.14","1,192.17","1,198.52","1,188.36","169.96M","0.18%"
"28-10-2022","1,191.98","1,188.00","1,192.81","1,177.28","183.88M","0.06%"
"27-10-2022","1,191.26","1,188.93","1,195.91","1,180.88","235.53M","0.16%"
"26-10-2022","1,189.32","1,184.32","1,190.49","1,174.08","193.30M","0.40%"
"25-10-2022","1,184.60","1,165.59","1,184.76","1,163.81","186.17M","1.79%"
"24-10-2022","1,163.80","1,156.55","1,171.28","1,149.13","191.71M","0.84%"
"21-10-2022","1,154.11","1,156.19","1,158.23","1,137.50","201.90M","-0.40%"
"20-10-2022","1,158.80","1,147.38","1,160.86","1,144.17","164.82M","0.92%"
"19-10-2022","1,148.26","1,150.52","1,158.63","1,145.39","164.80M","-0.23%"
"18-10-2022","1,150.95","1,148.51","1,164.76","1,148.51","172.61M","0.32%"
"17-10-2022","1,147.23","1,128.51","1,151.44","1,125.06","153.54M","1.72%"
"14-10-2022","1,127.81","1,126.30","1,149.85","1,126.30","200.64M","0.32%"
"13-10-2022","1,124.25","1,111.37","1,127.32","1,091.44","211.84M","0.91%"
"12-10-2022","1,114.09","1,119.55","1,125.43","1,108.83","183.67M","-0.50%"
"11-10-2022","1,119.72","1,125.26","1,125.26","1,109.91","174.12M","-0.56%"
"10-10-2022","1,126.00","1,131.64","1,136.46","1,119.81","149.73M","-0.64%"
"07-10-2022","1,133.21","1,149.39","1,150.88","1,132.40","161.65M","-1.45%"
"06-10-2022","1,149.93","1,160.94","1,164.19","1,146.32","165.55M","-0.60%"
"05-10-2022","1,156.86","1,161.50","1,166.27","1,151.35","179.00M","-0.91%"
"04-10-2022","1,167.54","1,136.93","1,167.72","1,136.81","216.36M","3.85%"
"03-10-2022","1,124.30","1,103.42","1,125.92","1,098.30","190.76M","0.93%"
"30-09-2022","1,113.98","1,108.13","1,116.21","1,103.10","240.39M","1.16%"
"29-09-2022","1,101.23","1,110.79","1,110.88","1,093.43","234.43M","-1.61%"
"28-09-2022","1,119.30","1,109.86","1,121.00","1,097.08","243.54M","-0.04%"
"27-09-2022","1,119.80","1,126.06","1,135.34","1,119.66","198.95M","0.06%"
"26-09-2022","1,119.10","1,112.67","1,129.45","1,112.09","191.68M","-0.06%"
"23-09-2022","1,119.80","1,148.01","1,148.59","1,118.46","219.85M","-2.76%"
"22-09-2022","1,151.54","1,153.15","1,170.74","1,151.40","166.27M","-1.72%"
"21-09-2022","1,171.69","1,155.42","1,172.63","1,153.73","166.50M","0.91%"
"20-09-2022","1,161.10","1,178.87","1,185.70","1,159.55","183.00M","-1.11%"
"19-09-2022","1,174.17","1,169.36","1,179.24","1,157.77","128.76M","-0.06%"
"16-09-2022","1,174.87","1,180.07","1,182.01","1,172.68","403.28M","-1.37%"
"15-09-2022","1,191.23","1,201.51","1,208.64","1,188.59","199.41M","-0.97%"
"14-09-2022","1,202.89","1,199.67","1,208.15","1,194.70","196.67M","-0.39%"
"13-09-2022","1,207.59","1,229.31","1,237.07","1,207.59","199.76M","-1.48%"
"12-09-2022","1,225.79","1,209.34","1,229.48","1,208.02","179.75M","1.69%"
"09-09-2022","1,205.38","1,191.11","1,209.87","1,191.07","168.86M","1.46%"
"08-09-2022","1,187.99","1,188.66","1,190.79","1,171.63","175.42M","0.40%"
"07-09-2022","1,183.20","1,178.06","1,185.47","1,173.58","179.86M","-0.44%"
"06-09-2022","1,188.38","1,189.02","1,197.12","1,180.05","142.01M","-0.27%"
"05-09-2022","1,191.56","1,181.30","1,193.31","1,176.81","151.23M","-0.61%"
"02-09-2022","1,198.92","1,184.93","1,200.57","1,178.54","176.79M","1.90%"
"01-09-2022","1,176.57","1,185.10","1,186.11","1,173.09","173.54M","-1.65%"
"31-08-2022","1,196.28","1,218.36","1,219.27","1,196.27","265.86M","-1.35%"
"30-08-2022","1,212.68","1,226.67","1,236.17","1,208.29","166.16M","-0.86%"
"29-08-2022","1,223.17","1,220.76","1,226.33","1,212.36","143.33M","-0.96%"
"26-08-2022","1,234.99","1,258.86","1,262.40","1,231.92","163.89M","-1.53%"
"25-08-2022","1,254.12","1,259.52","1,262.47","1,249.64","132.38M","0.25%"
"24-08-2022","1,251.04","1,240.80","1,252.64","1,237.66","139.98M","0.46%"
"23-08-2022","1,245.26","1,236.45","1,248.87","1,236.45","151.27M","0.15%"
"22-08-2022","1,243.37","1,252.91","1,255.37","1,239.16","174.68M","-1.40%"
"19-08-2022","1,261.05","1,265.17","1,270.83","1,259.78","168.27M","-0.81%"
"18-08-2022","1,271.35","1,264.04","1,271.70","1,262.45","160.11M","0.43%"
"17-08-2022","1,265.93","1,279.35","1,279.35","1,264.79","151.70M","-0.83%"
"16-08-2022","1,276.57","1,274.94","1,279.39","1,272.59","149.42M","0.35%"
"15-08-2022","1,272.12","1,274.78","1,275.83","1,262.96","116.21M","0.24%"
"12-08-2022","1,269.10","1,267.83","1,274.43","1,265.64","157.91M","0.06%"
"11-08-2022","1,268.34","1,269.65","1,270.71","1,262.94","174.65M","0.49%"
"10-08-2022","1,262.16","1,248.36","1,265.91","1,247.15","168.84M","0.59%"
"09-08-2022","1,254.72","1,261.56","1,263.46","1,253.74","148.17M","-0.70%"
"08-08-2022","1,263.55","1,261.97","1,270.72","1,259.07","140.70M","0.77%"
"05-08-2022","1,253.89","1,261.42","1,262.88","1,248.48","172.13M","-0.64%"
"04-08-2022","1,262.02","1,260.88","1,271.86","1,259.20","179.56M","0.06%"
"03-08-2022","1,261.25","1,248.06","1,261.46","1,247.12","180.90M","1.11%"
"02-08-2022","1,247.35","1,249.45","1,249.83","1,240.37","167.34M","-0.38%"
"01-08-2022","1,252.07","1,254.00","1,260.53","1,250.26","160.74M","-0.25%"
"29-07-2022","1,255.15","1,247.07","1,259.06","1,244.80","246.55M","1.26%"
"28-07-2022","1,239.58","1,233.83","1,239.70","1,224.35","223.50M","1.21%"
"27-07-2022","1,224.70","1,216.87","1,227.59","1,216.16","176.85M","0.92%"
"26-07-2022","1,213.48","1,217.26","1,221.37","1,211.68","166.49M","-0.18%"
"25-07-2022","1,215.64","1,207.83","1,217.27","1,203.09","164.34M","0.35%"
"22-07-2022","1,211.43","1,206.88","1,218.82","1,205.13","172.39M","0.21%"
"21-07-2022","1,208.94","1,202.51","1,213.77","1,198.67","198.04M","0.29%"
"20-07-2022","1,205.39","1,206.48","1,210.03","1,196.54","184.48M","0.17%"
"19-07-2022","1,203.32","1,180.66","1,205.45","1,175.24","217.28M","1.58%"
"18-07-2022","1,184.66","1,176.04","1,189.09","1,176.04","149.13M","1.34%"
"15-07-2022","1,168.96","1,150.40","1,170.35","1,146.86","197.92M","1.74%"
"14-07-2022","1,148.94","1,163.35","1,165.85","1,141.20","181.22M","-1.36%"
"13-07-2022","1,164.78","1,169.27","1,169.67","1,150.02","178.68M","-0.66%"
"12-07-2022","1,172.50","1,162.00","1,174.44","1,156.58","193.55M","0.41%"
"11-07-2022","1,167.74","1,154.85","1,172.78","1,152.86","148.44M","-0.58%"
"08-07-2022","1,174.54","1,169.17","1,177.19","1,162.42","200.94M","0.52%"
"07-07-2022","1,168.49","1,156.79","1,169.78","1,154.74","241.42M","2.22%"
"06-07-2022","1,143.07","1,138.36","1,148.18","1,132.91","240.60M","1.69%"
"05-07-2022","1,124.04","1,159.56","1,160.10","1,122.98","242.34M","-2.60%"
"04-07-2022","1,154.07","1,156.29","1,159.49","1,151.58","134.45M","0.66%"
"01-07-2022","1,146.51","1,135.60","1,153.70","1,131.61","194.74M","0.05%"
"30-06-2022","1,145.98","1,145.19","1,149.32","1,135.22","278.61M","-1.66%"
"29-06-2022","1,165.32","1,160.40","1,170.68","1,158.56","180.14M","-0.64%"
"28-06-2022","1,172.77","1,175.25","1,182.76","1,169.81","181.25M","0.71%"
"27-06-2022","1,164.48","1,165.00","1,178.97","1,159.59","174.06M","0.59%"
"24-06-2022","1,157.68","1,128.91","1,159.14","1,127.97","201.82M","3.02%"
"23-06-2022","1,123.69","1,123.94","1,137.44","1,114.58","211.55M","-0.63%"
"22-06-2022","1,130.77","1,123.49","1,135.15","1,117.40","210.05M","-1.15%"
"21-06-2022","1,143.91","1,142.90","1,155.01","1,142.48","151.99M","0.59%"
"20-06-2022","1,137.19","1,128.94","1,137.33","1,122.43","148.12M","0.82%"
"17-06-2022","1,127.96","1,129.36","1,145.53","1,123.97","446.50M","0.03%"
"16-06-2022","1,127.59","1,159.81","1,160.11","1,124.94","237.70M","-3.06%"
"15-06-2022","1,163.16","1,157.44","1,168.33","1,146.71","226.55M","1.44%"
"14-06-2022","1,146.61","1,166.63","1,168.94","1,142.76","214.63M","-0.85%"
"13-06-2022","1,156.45","1,172.15","1,175.71","1,153.44","236.09M","-2.87%"
"10-06-2022","1,190.66","1,213.09","1,214.35","1,189.02","221.31M","-2.62%"
"09-06-2022","1,222.66","1,232.65","1,240.79","1,220.93","175.76M","-1.34%"
"08-06-2022","1,239.28","1,246.80","1,247.07","1,232.04","168.38M","-0.28%"
"07-06-2022","1,242.75","1,243.38","1,244.53","1,233.74","152.90M","-0.55%"
"06-06-2022","1,249.59","1,245.49","1,256.60","1,244.02","127.81M","1.17%"
"03-06-2022","1,235.19","1,245.94","1,246.40","1,233.51","107.91M","-0.19%"
"02-06-2022","1,237.52","1,232.50","1,238.49","1,231.13","131.97M","0.69%"
"01-06-2022","1,229.02","1,247.43","1,247.43","1,227.95","170.20M","-1.08%"
"31-05-2022","1,242.42","1,250.63","1,254.50","1,241.12","377.69M","-0.70%"
"30-05-2022","1,251.21","1,249.90","1,255.16","1,247.74","145.28M","0.71%"
"27-05-2022","1,242.37","1,230.91","1,242.62","1,227.56","156.35M","1.42%"
"26-05-2022","1,224.98","1,207.84","1,227.29","1,207.24","139.20M","1.52%"
"25-05-2022","1,206.68","1,204.08","1,210.14","1,193.60","166.15M","0.97%"
"24-05-2022","1,195.09","1,201.00","1,208.06","1,194.29","165.80M","-1.66%"
"23-05-2022","1,215.31","1,214.13","1,215.49","1,199.96","175.24M","1.23%"
"20-05-2022","1,200.49","1,202.41","1,216.62","1,196.94","196.18M","0.39%"
"19-05-2022","1,195.87","1,197.86","1,200.89","1,181.63","203.95M","-1.52%"
"18-05-2022","1,214.30","1,229.65","1,231.34","1,212.58","205.15M","-1.00%"
"17-05-2022","1,226.54","1,222.39","1,231.95","1,218.82","195.94M","1.33%"
"16-05-2022","1,210.42","1,204.30","1,212.93","1,199.48","167.96M","-0.11%"
"13-05-2022","1,211.74","1,192.34","1,212.05","1,189.12","193.74M","2.44%"
"12-05-2022","1,182.85","1,167.60","1,189.15","1,163.70","240.25M","-1.09%"
"11-05-2022","1,195.85","1,178.58","1,196.05","1,170.02","238.15M","2.29%"
"10-05-2022","1,169.09","1,173.72","1,184.58","1,168.90","203.48M","0.48%"
"09-05-2022","1,163.45","1,190.08","1,199.57","1,163.16","198.65M","-3.03%"
"06-05-2022","1,199.82","1,210.66","1,212.46","1,189.92","245.79M","-1.65%"
"05-05-2022","1,219.91","1,254.68","1,255.66","1,217.11","209.85M","-0.51%"
"04-05-2022","1,226.19","1,240.07","1,240.31","1,226.19","165.52M","-0.92%"
"03-05-2022","1,237.61","1,230.92","1,238.59","1,226.78","189.71M","1.18%"
"02-05-2022","1,223.13","1,232.85","1,234.12","1,197.29","179.79M","-1.83%"
"29-04-2022","1,245.92","1,250.19","1,258.35","1,243.73","194.87M","0.65%"
"28-04-2022","1,237.83","1,239.83","1,248.88","1,226.21","176.60M","0.83%"
"27-04-2022","1,227.66","1,224.64","1,233.41","1,210.19","203.79M","0.42%"
"26-04-2022","1,222.53","1,246.03","1,246.03","1,221.87","219.81M","-0.65%"
"25-04-2022","1,230.52","1,232.00","1,244.04","1,224.32","216.66M","-2.23%"
"22-04-2022","1,258.56","1,265.23","1,270.53","1,257.76","212.74M","-1.88%"
"21-04-2022","1,282.66","1,273.44","1,290.04","1,272.55","207.13M","0.75%"
"20-04-2022","1,273.17","1,260.06","1,276.81","1,256.83","206.78M","1.37%"
"19-04-2022","1,255.95","1,256.77","1,261.19","1,245.45","186.70M","-0.52%"
"14-04-2022","1,262.52","1,259.46","1,265.77","1,255.67","184.31M","0.57%"
"13-04-2022","1,255.37","1,247.26","1,255.76","1,243.38","163.49M","0.29%"
"12-04-2022","1,251.79","1,235.94","1,255.95","1,231.30","195.55M","0.09%"
"11-04-2022","1,250.70","1,254.32","1,262.26","1,243.99","182.72M","-0.58%"
"08-04-2022","1,257.96","1,254.83","1,262.39","1,249.61","188.68M","1.44%"
"07-04-2022","1,240.16","1,252.42","1,261.16","1,237.86","196.97M","-0.65%"
"06-04-2022","1,248.33","1,274.00","1,275.35","1,239.12","229.58M","-2.23%"
"05-04-2022","1,276.81","1,290.44","1,292.49","1,270.76","208.03M","-0.90%"
"04-04-2022","1,288.42","1,280.79","1,290.10","1,271.30","152.63M","1.04%"
"01-04-2022","1,275.21","1,272.36","1,279.93","1,266.15","157.27M","0.40%"
"31-03-2022","1,270.10","1,287.98","1,290.64","1,270.06","189.59M","-1.33%"
"30-03-2022","1,287.18","1,290.66","1,290.66","1,281.13","188.77M","-0.32%"
"29-03-2022","1,291.29","1,278.57","1,296.16","1,276.94","256.57M","2.27%"
"28-03-2022","1,262.57","1,263.38","1,279.24","1,262.49","190.55M","0.05%"
"25-03-2022","1,261.96","1,260.80","1,271.04","1,256.27","164.87M","0.15%"
"24-03-2022","1,260.06","1,265.42","1,270.96","1,256.11","186.53M","-0.18%"
"23-03-2022","1,262.35","1,277.07","1,280.33","1,257.91","194.60M","-1.08%"
"22-03-2022","1,276.11","1,265.94","1,277.94","1,264.79","189.51M","1.08%"
"21-03-2022","1,262.45","1,261.33","1,267.38","1,259.21","181.67M","-0.09%"
"18-03-2022","1,263.60","1,255.21","1,263.60","1,237.45","445.03M","0.93%"
"17-03-2022","1,251.90","1,252.05","1,255.62","1,238.94","224.90M","0.61%"
"16-03-2022","1,244.30","1,223.13","1,256.46","1,220.34","309.30M","3.94%"
"15-03-2022","1,197.16","1,183.51","1,200.42","1,169.53","229.84M","-0.22%"
"14-03-2022","1,199.84","1,196.66","1,212.08","1,192.00","248.09M","0.65%"
"11-03-2022","1,192.11","1,186.81","1,225.27","1,177.07","303.59M","0.81%"
"10-03-2022","1,182.49","1,208.24","1,209.01","1,175.17","302.25M","-2.30%"
"09-03-2022","1,210.28","1,172.02","1,210.28","1,169.64","394.90M","5.75%"
"08-03-2022","1,144.44","1,136.69","1,178.69","1,136.63","378.92M","-0.52%"
"07-03-2022","1,150.43","1,135.02","1,174.06","1,115.04","477.81M","-0.80%"
"04-03-2022","1,159.76","1,204.72","1,207.09","1,159.69","362.85M","-4.69%"
"03-03-2022","1,216.78","1,242.49","1,252.07","1,214.04","288.52M","-2.18%"
"02-03-2022","1,243.87","1,224.93","1,252.08","1,217.38","369.52M","1.15%"
"01-03-2022","1,229.68","1,266.72","1,269.76","1,229.59","357.76M","-3.08%"
"28-02-2022","1,268.80","1,255.11","1,271.56","1,241.78","384.81M","-0.54%"
"25-02-2022","1,275.75","1,246.85","1,277.22","1,237.35","342.09M","3.18%"
"24-02-2022","1,236.46","1,228.01","1,249.29","1,219.24","439.82M","-3.07%"
"23-02-2022","1,275.59","1,281.56","1,298.51","1,273.63","187.90M","-0.20%"
"22-02-2022","1,278.11","1,249.57","1,287.27","1,249.57","226.83M","0.07%"
"21-02-2022","1,277.17","1,310.88","1,310.88","1,269.26","173.54M","-1.94%"
"18-02-2022","1,302.45","1,311.17","1,316.72","1,297.65","202.86M","-0.66%"
"17-02-2022","1,311.10","1,324.11","1,325.58","1,305.84","227.12M","-0.50%"
"16-02-2022","1,317.69","1,318.68","1,326.57","1,310.92","175.74M","0.20%"
"15-02-2022","1,315.01","1,299.04","1,315.63","1,297.88","208.77M","1.26%"
"14-02-2022","1,298.61","1,296.74","1,301.74","1,281.58","256.94M","-1.92%"
"11-02-2022","1,324.03","1,324.21","1,330.61","1,316.56","194.64M","-0.91%"
"10-02-2022","1,336.23","1,344.58","1,348.04","1,326.80","213.63M","-0.29%"
"09-02-2022","1,340.07","1,333.19","1,342.24","1,331.74","239.68M","1.59%"
"08-02-2022","1,319.05","1,319.00","1,327.62","1,311.80","216.71M","0.00%"
"07-02-2022","1,319.11","1,314.75","1,322.01","1,303.54","173.24M","0.97%"
"04-02-2022","1,306.44","1,322.78","1,324.07","1,298.03","216.18M","-0.56%"
"03-02-2022","1,313.75","1,336.46","1,336.90","1,312.91","229.71M","-1.76%"
"02-02-2022","1,337.23","1,342.82","1,348.04","1,337.08","202.25M","0.00%"
"01-02-2022","1,337.19","1,330.34","1,337.60","1,325.62","193.73M","1.42%"
"31-01-2022","1,318.51","1,319.74","1,325.63","1,306.56","215.12M","0.80%"
"28-01-2022","1,307.99","1,318.95","1,318.95","1,286.30","249.49M","-0.88%"
"27-01-2022","1,319.57","1,292.34","1,326.22","1,292.34","232.31M","0.40%"
"26-01-2022","1,314.35","1,300.10","1,322.69","1,300.10","216.86M","2.07%"
"25-01-2022","1,287.71","1,298.29","1,300.04","1,278.00","227.08M","0.38%"
"24-01-2022","1,282.86","1,326.94","1,334.76","1,277.12","291.60M","-3.91%"
"21-01-2022","1,335.09","1,337.61","1,344.34","1,323.58","235.68M","-1.76%"
"20-01-2022","1,358.95","1,355.07","1,359.18","1,344.79","180.55M","0.70%"
"19-01-2022","1,349.54","1,340.61","1,359.36","1,340.01","214.72M","0.15%"
"18-01-2022","1,347.57","1,355.57","1,356.07","1,340.95","190.69M","-1.06%"
"17-01-2022","1,361.98","1,359.58","1,364.92","1,353.53","143.56M","0.38%"
"14-01-2022","1,356.84","1,355.65","1,362.88","1,353.39","220.68M","-0.93%"
"13-01-2022","1,369.53","1,366.97","1,375.24","1,363.44","196.39M","-0.02%"
"12-01-2022","1,369.84","1,368.78","1,373.84","1,361.13","211.95M","0.92%"
"11-01-2022","1,357.31","1,358.64","1,363.76","1,352.14","167.21M","0.99%"
"10-01-2022","1,343.97","1,369.63","1,370.56","1,341.69","182.03M","-1.40%"
"07-01-2022","1,363.02","1,368.33","1,370.78","1,355.77","174.67M","-0.16%"
"06-01-2022","1,365.23","1,365.47","1,372.99","1,359.51","183.07M","-1.65%"
"05-01-2022","1,388.09","1,382.46","1,389.95","1,381.46","177.25M","0.33%"
"04-01-2022","1,383.49","1,381.77","1,390.93","1,377.86","184.09M","0.83%"
"03-01-2022","1,372.06","1,367.34","1,376.24","1,367.34","118.23M","0.76%"
"31-12-2021","1,361.69","1,362.61","1,364.04","1,359.52","40.64M","-0.27%"
"30-12-2021","1,365.34","1,361.13","1,366.64","1,359.87","79.35M","0.38%"
"29-12-2021","1,360.20","1,365.75","1,368.30","1,355.52","92.68M","-0.40%"
"28-12-2021","1,365.65","1,360.01","1,368.15","1,359.86","83.78M","0.42%"
"27-12-2021","1,360.00","1,345.89","1,361.61","1,345.89","73.35M","0.77%"
"24-12-2021","1,349.62","1,351.68","1,354.69","1,349.54","29.73M","-0.27%"
"23-12-2021","1,353.32","1,345.37","1,355.16","1,341.80","129.17M","1.03%"
"22-12-2021","1,339.48","1,329.91","1,339.55","1,324.73","125.43M","1.05%"
"21-12-2021","1,325.62","1,317.04","1,325.84","1,310.73","177.30M","1.76%"
"20-12-2021","1,302.63","1,286.97","1,305.28","1,284.63","190.08M","-0.99%"
"17-12-2021","1,315.69","1,319.96","1,323.46","1,306.02","334.12M","-0.80%"
"16-12-2021","1,326.28","1,339.64","1,341.25","1,326.21","227.97M","0.88%"
"15-12-2021","1,314.70","1,316.51","1,320.59","1,312.76","165.93M","0.23%"
"14-12-2021","1,311.69","1,328.91","1,331.86","1,310.87","187.63M","-0.83%"
"13-12-2021","1,322.64","1,337.59","1,342.91","1,321.72","162.10M","-0.79%"
"10-12-2021","1,333.19","1,329.70","1,341.66","1,329.70","134.59M","-0.41%"
"09-12-2021","1,338.73","1,348.95","1,349.41","1,336.12","147.40M","-0.49%"
"08-12-2021","1,345.27","1,354.83","1,361.71","1,345.27","183.99M","-0.85%"
"07-12-2021","1,356.77","1,331.53","1,357.39","1,331.31","211.36M","3.18%"
"06-12-2021","1,314.98","1,306.87","1,317.88","1,299.13","186.56M","1.27%"
"03-12-2021","1,298.50","1,318.18","1,319.63","1,293.01","192.89M","-0.71%"
"02-12-2021","1,307.80","1,309.03","1,317.89","1,299.80","218.43M","-1.43%"
"01-12-2021","1,326.74","1,309.98","1,329.77","1,305.22","220.90M","2.12%"
"30-11-2021","1,299.21","1,295.49","1,312.75","1,288.95","410.27M","-1.01%"
"29-11-2021","1,312.45","1,322.34","1,324.29","1,309.96","236.07M","0.65%"
"26-11-2021","1,303.92","1,312.80","1,326.18","1,302.73","358.40M","-4.28%"
"25-11-2021","1,362.23","1,359.72","1,362.80","1,356.62","122.48M","0.65%"
"24-11-2021","1,353.39","1,354.66","1,359.71","1,340.87","193.91M","0.12%"
"23-11-2021","1,351.77","1,356.08","1,364.90","1,345.85","180.92M","-1.17%"
"22-11-2021","1,367.74","1,376.17","1,378.40","1,367.64","208.68M","-0.36%"
"19-11-2021","1,372.66","1,385.13","1,387.40","1,367.35","263.64M","-0.68%"
"18-11-2021","1,382.00","1,385.72","1,391.40","1,380.03","163.91M","-0.43%"
"17-11-2021","1,387.91","1,388.32","1,390.30","1,386.62","154.15M","0.01%"
"16-11-2021","1,387.75","1,387.96","1,390.58","1,383.55","165.00M","0.39%"
"15-11-2021","1,382.32","1,376.66","1,382.38","1,376.34","153.89M","0.47%"
"12-11-2021","1,375.85","1,371.02","1,376.06","1,368.93","140.70M","0.34%"
"11-11-2021","1,371.18","1,364.04","1,371.27","1,363.14","154.04M","0.12%"
"10-11-2021","1,369.54","1,372.94","1,374.46","1,363.09","184.47M","-0.07%"
"09-11-2021","1,370.46","1,368.95","1,377.25","1,367.78","149.82M","-0.16%"
"08-11-2021","1,372.62","1,372.88","1,376.74","1,372.42","143.90M","-0.03%"
"05-11-2021","1,373.10","1,365.41","1,377.36","1,365.33","182.90M","0.51%"
"04-11-2021","1,366.11","1,365.63","1,367.85","1,362.57","182.34M","0.57%"
"03-11-2021","1,358.30","1,351.96","1,358.51","1,351.96","153.64M","0.32%"
"02-11-2021","1,353.92","1,348.29","1,355.18","1,348.29","148.23M","0.13%"
"01-11-2021","1,352.10","1,349.48","1,355.03","1,347.24","156.75M","0.67%"
"29-10-2021","1,343.09","1,335.27","1,343.36","1,329.54","205.41M","0.00%"
"28-10-2021","1,343.15","1,333.98","1,343.15","1,333.64","198.80M","0.69%"
"27-10-2021","1,333.93","1,335.35","1,337.50","1,330.48","173.80M","-0.18%"
"26-10-2021","1,336.35","1,329.18","1,338.08","1,327.98","177.77M","0.61%"
"25-10-2021","1,328.30","1,334.98","1,334.98","1,326.93","140.00M","-0.24%"
"22-10-2021","1,331.44","1,328.39","1,336.18","1,327.60","149.30M","0.79%"
"21-10-2021","1,321.01","1,315.30","1,323.79","1,313.84","148.98M","-0.05%"
"20-10-2021","1,321.73","1,309.64","1,323.08","1,309.64","156.84M","0.46%"
"19-10-2021","1,315.67","1,316.24","1,317.57","1,312.09","145.60M","0.29%"
"18-10-2021","1,311.86","1,314.25","1,314.51","1,305.69","146.29M","-0.64%"
"15-10-2021","1,320.37","1,318.60","1,321.75","1,313.83","218.10M","0.72%"
"14-10-2021","1,310.91","1,303.26","1,312.14","1,299.08","169.83M","1.48%"
"13-10-2021","1,291.84","1,276.46","1,293.71","1,274.41","179.77M","0.85%"
"12-10-2021","1,280.93","1,269.30","1,282.52","1,269.30","167.74M","-0.26%"
"11-10-2021","1,284.27","1,281.93","1,286.13","1,276.05","163.81M","0.07%"
"08-10-2021","1,283.40","1,292.02","1,293.23","1,283.26","173.33M","-0.61%"
"07-10-2021","1,291.25","1,285.95","1,292.69","1,279.13","207.50M","1.70%"
"06-10-2021","1,269.63","1,271.30","1,272.86","1,255.85","242.04M","-1.30%"
"05-10-2021","1,286.31","1,270.89","1,286.49","1,269.91","198.73M","1.55%"
"04-10-2021","1,266.67","1,268.84","1,278.26","1,264.33","176.03M","-0.73%"
"01-10-2021","1,275.94","1,258.07","1,280.40","1,256.86","213.96M","0.00%"
"30-09-2021","1,275.93","1,292.96","1,295.39","1,275.23","257.76M","-0.48%"
"29-09-2021","1,282.07","1,281.37","1,291.34","1,280.49","193.56M","0.33%"
"28-09-2021","1,277.87","1,302.06","1,303.32","1,276.24","257.51M","-2.11%"
"27-09-2021","1,305.39","1,315.34","1,316.12","1,304.32","208.29M","-0.02%"
"24-09-2021","1,305.63","1,313.59","1,314.16","1,303.98","161.80M","-0.97%"
"23-09-2021","1,318.42","1,317.27","1,323.48","1,314.30","176.34M","0.94%"
"22-09-2021","1,306.13","1,301.77","1,306.56","1,297.72","177.01M","1.14%"
"21-09-2021","1,291.36","1,284.58","1,294.97","1,284.58","237.58M","1.35%"
"20-09-2021","1,274.15","1,274.38","1,277.09","1,262.72","243.81M","-1.58%"
"17-09-2021","1,294.64","1,315.87","1,317.92","1,291.48","392.77M","-0.77%"
"16-09-2021","1,304.75","1,303.92","1,311.17","1,303.74","183.62M","0.47%"
"15-09-2021","1,298.60","1,310.49","1,311.71","1,298.58","190.34M","-0.93%"
"14-09-2021","1,310.78","1,310.64","1,313.74","1,301.84","146.37M","-0.05%"
"13-09-2021","1,311.42","1,312.48","1,318.97","1,310.42","148.90M","0.20%"
"10-09-2021","1,308.81","1,316.13","1,318.53","1,306.62","155.97M","-0.15%"
"09-09-2021","1,310.80","1,302.03","1,315.55","1,299.01","153.92M","-0.12%"
"08-09-2021","1,312.34","1,315.26","1,320.05","1,305.12","160.96M","-0.77%"
"07-09-2021","1,322.59","1,325.75","1,328.27","1,321.74","132.77M","-0.32%"
"06-09-2021","1,326.86","1,318.62","1,328.58","1,318.28","107.95M","0.96%"
"03-09-2021","1,314.20","1,324.61","1,324.61","1,309.28","134.72M","-0.85%"
"02-09-2021","1,325.51","1,321.29","1,326.40","1,321.02","127.90M","0.22%"
"01-09-2021","1,322.54","1,319.39","1,327.45","1,318.46","165.76M","1.04%"
"31-08-2021","1,308.97","1,311.27","1,314.74","1,303.56","206.19M","0.00%"
"30-08-2021","1,308.94","1,309.42","1,310.65","1,307.31","82.87M","0.13%"
"27-08-2021","1,307.29","1,300.68","1,307.41","1,298.34","112.77M","0.45%"
"26-08-2021","1,301.47","1,297.74","1,302.92","1,293.32","117.66M","-0.15%"
"25-08-2021","1,303.41","1,304.40","1,306.25","1,302.83","118.22M","0.12%"
"24-08-2021","1,301.83","1,308.63","1,308.63","1,297.26","124.24M","0.08%"
"23-08-2021","1,300.73","1,300.90","1,302.80","1,293.78","131.17M","0.97%"
"20-08-2021","1,288.28","1,282.39","1,289.85","1,276.20","137.60M","0.46%"
"19-08-2021","1,282.43","1,289.27","1,290.16","1,271.57","207.81M","-2.01%"
"18-08-2021","1,308.69","1,313.80","1,314.84","1,307.40","122.62M","-0.36%"
"17-08-2021","1,313.42","1,310.53","1,315.97","1,305.83","143.73M","-0.23%"
"16-08-2021","1,316.40","1,318.35","1,320.34","1,312.43","124.99M","-0.85%"
"13-08-2021","1,327.64","1,326.73","1,330.07","1,325.43","128.64M","0.01%"
"12-08-2021","1,327.49","1,324.75","1,328.80","1,323.95","164.38M","0.21%"
"11-08-2021","1,324.71","1,322.95","1,327.58","1,319.10","146.10M","0.37%"
"10-08-2021","1,319.80","1,316.90","1,322.99","1,316.65","132.23M","0.43%"
"09-08-2021","1,314.21","1,311.58","1,315.81","1,311.58","119.77M","0.18%"
"06-08-2021","1,311.81","1,307.80","1,314.74","1,305.20","159.65M","0.27%"
"05-08-2021","1,308.22","1,300.85","1,309.55","1,300.85","142.82M","0.46%"
"04-08-2021","1,302.18","1,302.14","1,305.84","1,299.15","152.31M","0.51%"
"03-08-2021","1,295.59","1,292.00","1,299.49","1,290.74","161.92M","0.19%"
"02-08-2021","1,293.11","1,290.40","1,294.93","1,286.13","154.32M","0.93%"
"30-07-2021","1,281.19","1,281.11","1,288.22","1,279.43","202.80M","-0.51%"
"29-07-2021","1,287.78","1,285.79","1,290.71","1,285.01","197.52M","0.49%"
"28-07-2021","1,281.47","1,267.65","1,281.49","1,265.74","138.73M","1.28%"
"27-07-2021","1,265.30","1,270.91","1,273.92","1,262.24","146.43M","-0.87%"
"26-07-2021","1,276.46","1,270.99","1,278.17","1,267.34","141.86M","-0.27%"
"23-07-2021","1,279.86","1,271.08","1,280.97","1,269.68","127.77M","1.16%"
"22-07-2021","1,265.13","1,263.51","1,271.70","1,262.56","133.98M","0.57%"
"21-07-2021","1,257.91","1,243.50","1,258.64","1,243.50","179.87M","1.84%"
"20-07-2021","1,235.13","1,236.95","1,243.43","1,227.26","184.84M","0.52%"
"19-07-2021","1,228.75","1,245.59","1,246.10","1,220.86","239.64M","-2.38%"
"16-07-2021","1,258.67","1,264.65","1,268.99","1,252.74","168.93M","-0.41%"
"15-07-2021","1,263.83","1,271.40","1,275.61","1,260.55","147.56M","-0.95%"
"14-07-2021","1,276.01","1,272.73","1,277.81","1,270.33","123.47M","0.05%"
"13-07-2021","1,275.32","1,274.04","1,275.38","1,271.50","139.16M","0.16%"
"12-07-2021","1,273.26","1,266.07","1,274.51","1,258.68","134.93M","0.59%"
"09-07-2021","1,265.84","1,252.76","1,266.11","1,251.18","210.97M","1.68%"
"08-07-2021","1,244.93","1,262.17","1,262.71","1,236.76","252.61M","-2.04%"
"07-07-2021","1,270.85","1,268.43","1,273.11","1,265.35","221.88M","0.51%"
"06-07-2021","1,264.43","1,270.99","1,273.50","1,260.18","230.69M","-0.71%"
"05-07-2021","1,273.49","1,270.56","1,275.36","1,265.80","113.71M","0.02%"
"02-07-2021","1,273.19","1,274.60","1,276.87","1,270.69","143.67M","0.18%"
"01-07-2021","1,270.95","1,272.80","1,279.48","1,261.47","200.89M","0.50%"
"30-06-2021","1,264.63","1,275.27","1,277.67","1,260.13","230.62M","-0.89%"
"29-06-2021","1,275.94","1,274.13","1,280.63","1,273.53","162.59M","0.23%"
"28-06-2021","1,273.06","1,280.25","1,283.56","1,272.46","180.42M","-0.77%"
"25-06-2021","1,282.90","1,285.42","1,285.79","1,279.29","162.15M","-0.01%"
"24-06-2021","1,283.01","1,273.95","1,284.36","1,272.63","185.79M","1.12%"
"23-06-2021","1,268.85","1,281.23","1,281.50","1,268.80","237.49M","-0.73%"
"22-06-2021","1,278.21","1,276.13","1,280.23","1,270.74","182.77M","0.23%"
"21-06-2021","1,275.30","1,260.74","1,275.86","1,257.87","202.92M","0.54%"
"18-06-2021","1,268.39","1,288.83","1,292.71","1,267.37","413.00M","-1.77%"
"17-06-2021","1,291.31","1,283.63","1,292.13","1,282.73","189.92M","0.18%"
"16-06-2021","1,289.02","1,287.68","1,290.46","1,285.67","172.31M","0.34%"
"15-06-2021","1,284.71","1,288.72","1,289.15","1,284.66","165.14M","0.11%"
"14-06-2021","1,283.31","1,285.08","1,289.92","1,280.60","171.47M","0.28%"
"11-06-2021","1,279.72","1,273.31","1,280.78","1,272.85","164.03M","0.70%"
"10-06-2021","1,270.86","1,273.80","1,274.07","1,265.92","185.26M","-0.07%"
"09-06-2021","1,271.73","1,270.38","1,272.95","1,267.14","166.78M","0.26%"
"08-06-2021","1,268.46","1,267.54","1,273.94","1,266.96","207.70M","0.13%"
"07-06-2021","1,266.80","1,260.70","1,269.09","1,256.57","139.40M","0.32%"
"04-06-2021","1,262.79","1,260.16","1,263.26","1,257.32","149.20M","0.29%"
"03-06-2021","1,259.13","1,263.39","1,263.39","1,252.62","133.74M","-0.36%"
"02-06-2021","1,263.62","1,258.49","1,263.71","1,258.24","148.46M","0.40%"
"01-06-2021","1,258.58","1,254.61","1,265.66","1,254.61","155.18M","0.77%"
"31-05-2021","1,248.93","1,256.08","1,258.88","1,248.14","91.17M","-0.61%"
"28-05-2021","1,256.60","1,249.47","1,259.21","1,249.03","160.77M","0.76%"
"27-05-2021","1,247.07","1,241.12","1,251.91","1,241.12","379.70M","0.29%"
"26-05-2021","1,243.42","1,247.12","1,248.64","1,241.20","161.20M","-0.03%"
"25-05-2021","1,243.74","1,247.65","1,249.34","1,243.67","150.20M","-0.01%"
"24-05-2021","1,243.90","1,240.65","1,244.01","1,238.46","85.21M","0.40%"
"21-05-2021","1,238.92","1,234.92","1,242.76","1,232.29","182.67M","0.54%"
"20-05-2021","1,232.28","1,221.78","1,232.32","1,216.30","157.21M","1.40%"
"19-05-2021","1,215.27","1,221.42","1,223.38","1,202.78","217.22M","-1.50%"
"18-05-2021","1,233.80","1,242.60","1,244.24","1,232.60","175.99M","-0.07%"
"17-05-2021","1,234.69","1,241.10","1,242.67","1,231.63","159.64M","-0.26%"
"14-05-2021","1,237.89","1,229.81","1,237.94","1,222.03","181.43M","1.43%"
"13-05-2021","1,220.46","1,205.85","1,223.61","1,195.64","176.33M","0.03%"
"12-05-2021","1,220.08","1,219.91","1,224.56","1,214.06","222.63M","0.03%"
"11-05-2021","1,219.76","1,227.84","1,229.51","1,211.23","236.61M","-1.92%"
"10-05-2021","1,243.63","1,249.78","1,249.78","1,240.98","189.46M","-0.36%"
"07-05-2021","1,248.14","1,246.81","1,248.20","1,239.03","192.11M","0.65%"
"06-05-2021","1,240.10","1,240.68","1,244.99","1,233.61","205.46M","0.10%"
"05-05-2021","1,238.81","1,227.36","1,238.94","1,225.61","214.68M","1.70%"
"04-05-2021","1,218.10","1,237.96","1,241.11","1,216.02","215.22M","-1.40%"
"03-05-2021","1,235.44","1,231.02","1,236.70","1,225.31","153.35M","0.57%"
"30-04-2021","1,228.38","1,237.76","1,238.10","1,228.38","191.44M","-0.54%"
"29-04-2021","1,235.02","1,242.38","1,245.82","1,232.45","203.43M","-0.08%"
"28-04-2021","1,236.06","1,234.75","1,239.22","1,232.28","171.25M","0.36%"
"27-04-2021","1,231.62","1,232.81","1,234.14","1,228.84","168.31M","-0.16%"
"26-04-2021","1,233.61","1,231.18","1,235.73","1,228.46","172.10M","0.15%"
"23-04-2021","1,231.79","1,229.64","1,233.10","1,224.36","177.83M","-0.05%"
"22-04-2021","1,232.35","1,226.53","1,233.84","1,225.21","186.88M","0.83%"
"21-04-2021","1,222.17","1,216.14","1,224.21","1,214.97","216.37M","0.99%"
"20-04-2021","1,210.15","1,230.99","1,232.51","1,208.12","227.25M","-1.88%"
"19-04-2021","1,233.34","1,236.34","1,238.89","1,232.68","157.10M","-0.12%"
"16-04-2021","1,234.77","1,226.71","1,236.46","1,226.48","233.00M","0.62%"
"15-04-2021","1,227.19","1,223.13","1,228.66","1,222.04","171.63M","0.46%"
"14-04-2021","1,221.60","1,220.54","1,223.11","1,219.17","161.92M","0.45%"
"13-04-2021","1,216.08","1,214.29","1,217.73","1,210.42","180.48M","0.32%"
"12-04-2021","1,212.21","1,215.58","1,217.46","1,212.21","172.19M","-0.41%"
"09-04-2021","1,217.16","1,218.58","1,220.30","1,215.83","180.27M","-0.03%"
"08-04-2021","1,217.58","1,214.54","1,217.68","1,212.42","219.53M","0.65%"
"07-04-2021","1,209.71","1,211.42","1,214.34","1,208.36","174.14M","-0.25%"
"06-04-2021","1,212.69","1,217.70","1,218.47","1,211.21","199.80M","0.52%"
"01-04-2021","1,206.44","1,201.44","1,208.23","1,199.44","170.90M","0.95%"
"31-03-2021","1,195.05","1,198.00","1,199.72","1,194.59","209.59M","-0.31%"
"30-03-2021","1,198.75","1,193.56","1,200.22","1,191.26","187.41M","0.91%"
"29-03-2021","1,187.95","1,186.11","1,190.68","1,184.12","174.48M","0.33%"
"26-03-2021","1,184.05","1,179.80","1,185.20","1,177.24","192.87M","0.94%"
"25-03-2021","1,173.03","1,167.38","1,173.03","1,160.19","186.40M","-0.02%"
"24-03-2021","1,173.25","1,167.24","1,174.44","1,165.39","207.07M","0.07%"
"23-03-2021","1,172.47","1,171.03","1,176.49","1,167.34","228.88M","-0.26%"
"22-03-2021","1,175.47","1,170.22","1,176.70","1,169.00","194.41M","-0.09%"
"19-03-2021","1,176.57","1,175.76","1,182.52","1,171.91","563.49M","-0.67%"
"18-03-2021","1,184.47","1,187.66","1,187.95","1,181.26","230.23M","0.09%"
"17-03-2021","1,183.44","1,182.18","1,184.64","1,179.48","207.73M","-0.07%"
"16-03-2021","1,184.32","1,183.89","1,185.79","1,180.14","221.50M","0.42%"
"15-03-2021","1,179.34","1,183.26","1,188.13","1,176.16","197.08M","-0.01%"
"12-03-2021","1,179.42","1,179.15","1,179.63","1,174.57","185.48M","-0.33%"
"11-03-2021","1,183.27","1,178.46","1,183.53","1,177.47","236.45M","0.87%"
"10-03-2021","1,173.01","1,162.41","1,174.27","1,161.48","225.19M","0.85%"
"09-03-2021","1,163.11","1,152.46","1,165.64","1,152.45","266.05M","0.86%"
"08-03-2021","1,153.14","1,139.86","1,155.13","1,134.83","269.42M","1.75%"
"05-03-2021","1,133.33","1,135.67","1,146.06","1,129.66","271.76M","-0.97%"
"04-03-2021","1,144.45","1,139.89","1,147.30","1,136.88","249.80M","-0.27%"
"03-03-2021","1,147.53","1,151.69","1,155.85","1,139.67","242.64M","0.26%"
"02-03-2021","1,144.61","1,141.24","1,151.58","1,140.17","213.06M","0.05%"
"01-03-2021","1,144.02","1,138.02","1,145.82","1,137.05","222.43M","1.86%"
"26-02-2021","1,123.08","1,126.44","1,135.97","1,119.34","312.67M","-1.66%"
"25-02-2021","1,141.98","1,152.23","1,152.99","1,141.98","260.35M","-0.41%"
"24-02-2021","1,146.63","1,142.81","1,149.00","1,139.68","231.71M","0.14%"
"23-02-2021","1,145.04","1,150.08","1,150.79","1,132.01","325.72M","-0.27%"
"22-02-2021","1,148.14","1,145.56","1,149.94","1,137.91","215.76M","-0.58%"
"19-02-2021","1,154.79","1,149.31","1,156.69","1,146.90","239.05M","0.67%"
"18-02-2021","1,147.07","1,155.22","1,158.08","1,144.69","232.27M","-0.78%"
"17-02-2021","1,156.12","1,156.96","1,162.59","1,155.13","237.85M","-0.43%"
"16-02-2021","1,161.15","1,162.52","1,163.82","1,159.42","198.67M","0.00%"
"15-02-2021","1,161.12","1,152.32","1,163.94","1,150.14","255.67M","1.18%"
"12-02-2021","1,147.60","1,136.61","1,147.76","1,133.53","255.34M","0.80%"
"11-02-2021","1,138.50","1,136.63","1,139.11","1,134.41","237.35M","0.38%"
"10-02-2021","1,134.18","1,143.19","1,143.19","1,130.09","320.56M","-0.34%"
"09-02-2021","1,138.00","1,136.78","1,138.59","1,133.34","182.40M","0.13%"
"08-02-2021","1,136.56","1,139.04","1,141.16","1,135.76","211.92M","0.32%"
"05-02-2021","1,132.93","1,131.86","1,135.86","1,129.93","211.30M","0.55%"
"04-02-2021","1,126.74","1,120.30","1,127.43","1,119.65","204.25M","0.50%"
"03-02-2021","1,121.09","1,128.96","1,131.42","1,118.53","203.24M","0.14%"
"02-02-2021","1,119.53","1,110.85","1,121.55","1,109.73","227.74M","1.68%"
"01-02-2021","1,100.99","1,094.68","1,104.01","1,093.54","189.82M","1.44%"
"29-01-2021","1,085.38","1,091.02","1,098.91","1,085.38","250.84M","-1.92%"
"28-01-2021","1,106.68","1,087.22","1,108.99","1,080.78","269.66M","0.75%"
"27-01-2021","1,098.49","1,112.43","1,115.53","1,088.28","307.44M","-1.54%"
"26-01-2021","1,115.66","1,108.72","1,121.17","1,108.52","218.26M","0.50%"
"25-01-2021","1,110.13","1,130.54","1,131.52","1,106.48","247.47M","-1.20%"
"22-01-2021","1,123.64","1,125.39","1,125.55","1,114.66","209.97M","-0.50%"
"21-01-2021","1,129.32","1,137.05","1,138.41","1,129.18","187.30M","-0.11%"
"20-01-2021","1,130.55","1,127.11","1,133.91","1,125.68","171.79M","0.75%"
"19-01-2021","1,122.18","1,128.45","1,128.76","1,120.28","193.46M","-0.03%"
"18-01-2021","1,122.54","1,117.99","1,123.50","1,117.99","149.18M","0.07%"
"15-01-2021","1,121.80","1,128.12","1,129.72","1,114.01","285.92M","-1.01%"
"14-01-2021","1,133.20","1,128.55","1,134.28","1,127.50","230.21M","0.85%"
"13-01-2021","1,123.61","1,122.11","1,126.08","1,119.54","237.27M","0.09%"
"12-01-2021","1,122.56","1,127.31","1,127.52","1,119.51","202.43M","-0.15%"
"11-01-2021","1,124.29","1,129.54","1,132.86","1,119.25","203.27M","-0.69%"
"08-01-2021","1,132.10","1,130.80","1,133.00","1,126.38","224.43M","0.89%"
"07-01-2021","1,122.13","1,123.55","1,125.86","1,117.26","238.76M","0.17%"
"06-01-2021","1,120.23","1,115.85","1,123.60","1,106.93","301.61M","0.96%"
"05-01-2021","1,109.56","1,108.25","1,116.15","1,103.51","218.99M","-0.27%"
"04-01-2021","1,112.52","1,116.88","1,124.49","1,109.20","212.06M","0.81%"