Date,Open,High,Low,Vol.,Change %,Crude_Oil_Price,Carbon_Price_USD,EuroNext100_Price,Total_MtCO2_per_day,Natural_Gas_Price
04-01-2021,33.14,34.45,33.14,1250,2.88,47.76,41.508472,1112.52,18.32706277,2.561
05-01-2021,33.69,33.83,32.96,1280,-2.18,50.01,40.75461,1109.56,18.81185777,2.673
06-01-2021,33.71,33.88,33.02,430,2.05,50.69,41.695475,1120.23,19.17141034,2.684
07-01-2021,34.05,35,34.05,1170,3.37,50.87,42.90819,1122.13,19.88933111,2.691
08-01-2021,35.21,35.35,34.55,1600,0.49,52.26,42.934052,1132.1,20.89123395,2.656
11-01-2021,35.29,35.4,34.46,1100,-1.08,52.27,42.229924,1124.29,21.83249993,2.703
12-01-2021,34.6,35.59,34.44,1310,0.35,53.24,42.578016,1122.56,21.82528853,2.707
13-01-2021,34.73,34.85,33.33,1990,-2.87,52.96,41.187916,1123.61,21.83190789,2.689
14-01-2021,33.77,33.97,32.99,1620,-0.35,53.62,41.038656,1133.2,21.68717091,2.63
15-01-2021,33.63,33.63,31.89,1750,-5.33,52.42,38.601288,1121.8,21.73090571,2.696
18-01-2021,31.83,32.51,31.56,1210,-0.38,52.36,38.449984,1122.54,22.00091023,2.637
19-01-2021,32.11,33.33,32.06,1140,4.59,52.98,40.38624,1122.18,21.91507024,2.529
20-01-2021,33.49,33.84,33.02,700,-0.54,53.31,40.088448,1130.55,21.54502044,2.533
21-01-2021,32.89,34.41,32.83,830,3.62,53.05,41.739984,1129.32,20.86136044,2.497
22-01-2021,34.27,34.45,33.77,1390,0.38,52.19,41.915315,1123.64,20.15049877,2.456
25-01-2021,34.77,34.84,33.35,1720,-3.08,52.67,40.525443,1110.13,19.19308764,2.598
26-01-2021,33.13,33.74,33.05,1270,0.51,52.52,40.80896,1115.66,19.32139132,2.636
27-01-2021,33.41,33.67,32.48,610,-0.15,52.73,40.573908,1098.49,19.75710971,2.702
28-01-2021,33.81,34.16,33.15,1060,1.97,52.24,41.417457,1106.68,20.18106826,2.675
29-01-2021,34,34.08,33.16,1380,-2.9,52.08,40.267248,1085.38,20.18249145,2.592
01-02-2021,33.19,33.58,32.85,620,-0.3,53.42,39.891172,1100.99,20.08547452,2.821
02-02-2021,33.29,35.32,33.29,1040,6.38,54.62,42.375798,1119.53,19.97354828,2.818
03-02-2021,35.15,38.04,35.07,2590,6.99,55.54,45.30801,1121.09,19.63444009,2.772
04-02-2021,37.76,38.46,36.92,1380,-0.42,56.07,44.845538,1126.74,19.67014994,2.889
05-02-2021,37.6,38.9,37.43,1080,2.51,56.7,46.277406,1132.93,19.96424645,2.841
08-02-2021,39.39,39.93,38.7,2100,1.07,57.83,46.794432,1136.56,19.77811259,2.862
09-02-2021,38.39,38.89,37.8,2050,-0.9,58.25,46.638333,1138,20.15624512,2.823
10-02-2021,38.41,39.94,37.81,3230,2.78,58.57,47.930896,1134.18,20.89165164,2.879
11-02-2021,39.5,40.31,38.63,12720,-1.42,58.14,47.2992,1138.5,21.5194255,2.836
12-02-2021,38.61,40.5,37.4,7620,3.28,59.38,48.811304,1147.6,22.07033264,2.876
15-02-2021,40.18,40.88,39.73,3760,-1.17,60.09,48.277587,1161.12,23.13347823,3.067
16-02-2021,39.85,40.79,39.1,5750,-1.71,60.08,47.362952,1161.15,22.75048522,2.983
17-02-2021,39.25,39.66,38.35,3990,-1.87,61.16,46.21824,1156.12,22.08597982,3.032
18-02-2021,38.88,38.88,38.18,2300,0.55,60.53,46.671768,1147.07,21.2892851,2.97
19-02-2021,38.37,38.95,37.68,3890,-2.36,59.26,45.68109,1154.79,20.49891549,2.991
22-02-2021,37.73,38.41,36.8,1030,1.49,61.7,46.501204,1148.14,18.46053964,2.936
23-02-2021,38.51,39.04,37.74,2290,1.86,61.43,47.344653,1145.04,17.96853899,2.857
24-02-2021,38.75,39.64,38.59,350,1.23,63,47.98698,1146.63,17.45952478,2.795
25-02-2021,39.83,39.83,38.63,1100,-2.23,63.22,46.962832,1141.98,17.19258262,2.809
26-02-2021,38.03,38.39,37.55,4430,-2.51,61.23,45.39824,1123.08,17.16696888,2.809
01-03-2021,38.16,38.43,37.43,2670,-0.4,60.42,45.116015,1144.02,17.92738619,2.818
02-03-2021,37.25,38.73,37.16,3330,3.31,59.57,46.772341,1144.61,18.46152905,2.875
03-03-2021,38.72,38.75,37.49,2720,-2.25,61.1,45.618484,1147.53,19.22399223,2.849
04-03-2021,37.95,38.73,37.03,2100,1.82,63.62,46.081066,1144.45,19.7573673,2.781
05-03-2021,38.6,39.45,38.16,1700,2.21,65.92,46.905312,1133.33,20.16420503,2.739
08-03-2021,39.76,39.76,38.67,3130,0.28,64.93,46.744321,1153.14,20.88930353,2.698
09-03-2021,39.57,41.1,39.4,1610,3.83,63.99,48.758004,1163.11,21.11003476,2.696
10-03-2021,40.96,42.12,40.83,7580,2.17,64.42,49.929975,1173.01,20.96734782,2.728
11-03-2021,42.01,43.02,41.35,9370,0.96,66,50.656368,1183.27,20.30997237,2.703
12-03-2021,42.16,43.22,41.85,3020,2.18,65.64,51.620688,1179.42,19.58547456,2.636
15-03-2021,42.44,43.65,42.42,8300,-1.07,65.44,50.968344,1179.34,17.79065304,2.523
16-03-2021,42.5,42.94,41.92,12130,-1.8,64.86,49.9324,1184.32,17.32690634,2.597
17-03-2021,42.33,43.4,42.1,5370,3.29,64.63,51.912652,1183.44,17.31128983,2.555
18-03-2021,43.34,44.07,42.58,8890,-1.38,60.06,50.92471,1184.47,18.01372301,2.511
19-03-2021,42.4,42.64,41.6,2720,-1.01,61.44,50.361593,1176.57,18.62884367,2.566
22-03-2021,42.1,43.35,42.09,1080,2.06,61.56,51.518058,1175.47,19.92285487,2.619
23-03-2021,43.02,43.11,41.67,3180,-3.24,57.78,49.505122,1172.47,20.12749671,2.554
24-03-2021,41.86,42.03,41.12,3080,0.43,61.16,49.563152,1173.25,20.06785239,2.568
25-03-2021,41.84,41.95,40,3480,-2.98,58.57,47.891244,1173.03,19.80838464,2.616
26-03-2021,40.71,42.17,40.64,2270,3.39,60.96,49.649364,1184.05,19.35278074,2.619
29-03-2021,41.84,42.64,41.19,1120,0.26,61.53,49.63564,1187.95,17.63720194,2.653
30-03-2021,41.94,42.83,41.83,3400,0.47,60.56,49.66736,1198.75,16.99039043,2.681
31-03-2021,42.48,43.1,42.37,1300,1.16,59.18,50.301392,1195.05,16.50991266,2.667
01-04-2021,42.89,43.16,42.53,1010,-0.19,61.48,50.408775,1206.44,15.92163657,2.697
05-04-2021,42.81,42.81,42.81,2110,0,58.68,50.562891,1212.69,14.99952406,2.582
06-04-2021,43.2,44.65,43.13,2110,4.18,59.37,52.9625,1212.69,15.19879394,2.536
07-04-2021,44.72,44.72,43.9,1340,-0.83,59.81,52.50101,1209.71,15.61612819,2.597
08-04-2021,44.15,44.32,43.7,1670,-0.86,59.63,52.23412,1217.58,16.15063502,2.607
09-04-2021,43.9,44.15,43.54,1430,0.41,59.35,52.378088,1217.16,16.73685249,2.605
12-04-2021,44.23,44.97,44.07,3550,1.89,59.75,53.423774,1212.21,18.46951,2.643
13-04-2021,44.97,45.04,44.15,2310,-1.38,60.24,52.849104,1216.08,18.94340498,2.696
14-04-2021,44.38,44.56,43.86,2350,-0.09,63.22,52.94276,1221.6,19.21734065,2.693
15-04-2021,44.32,44.9,44.27,1500,0.79,63.51,53.304075,1227.19,19.48671315,2.73
16-04-2021,45.15,45.18,44.77,2360,0.56,63.19,53.68384,1234.77,19.7501849,2.754
19-04-2021,44.9,45.31,44.29,2550,-0.13,63.43,53.835642,1233.34,20.15837215,2.818
20-04-2021,44.53,45.55,44.42,1300,1.23,62.67,54.497457,1210.15,20.04414275,2.803
21-04-2021,45.31,46.89,45.3,2400,2.27,61.27,55.736856,1222.17,19.68140908,2.776
22-04-2021,46.76,47.67,46.66,2030,2.57,61.34,57.083265,1232.35,19.28408908,2.831
23-04-2021,47.45,47.53,46.53,2560,-0.27,62.02,57.325062,1231.79,18.92471121,2.818
26-04-2021,47.39,48.13,47.39,1680,0.61,61.8,57.599661,1233.61,17.88601111,2.874
27-04-2021,47.5,48.28,46.84,1360,0.23,62.8,57.76602,1231.62,17.66420889,2.942
28-04-2021,48.15,48.85,47.81,7190,1.05,63.75,58.529844,1236.06,17.57878366,2.96
29-04-2021,48.31,48.65,47.65,2960,0.48,64.88,58.784418,1235.02,17.59952632,2.961
30-04-2021,48.58,49.83,48.2,7700,1.65,63.48,59.260758,1228.38,17.76930463,2.978
03-05-2021,49.59,50.34,49.59,700,1.2,64.41,60.18439,1235.44,17.643089,3.014
04-05-2021,50.09,50.33,48.87,3350,-1.68,65.61,58.935778,1218.1,17.16598459,3.012
05-05-2021,49.32,49.96,49.1,9530,1.73,65.59,59.916955,1238.81,16.92089179,2.982
06-05-2021,49.96,50.95,49.7,3740,1,64.67,60.814624,1240.1,16.97506783,2.974
07-05-2021,50.58,51.58,49.9,2970,1.03,64.88,61.946159,1248.14,16.91100898,3.004
10-05-2021,51.5,53.25,51.5,3140,3.51,64.93,63.944088,1243.63,15.76412108,2.978
11-05-2021,52.38,53.94,51.9,4220,1.57,65.3,65.04183,1219.76,15.93087329,2.999
12-05-2021,53.86,55.99,53.59,7590,4.3,66.1,67.405365,1220.08,15.94732426,3.018
13-05-2021,55.36,55.45,53.83,4290,-1.45,63.84,66.477312,1220.46,15.32854928,3.025
14-05-2021,55.37,57.48,55.24,5710,3.98,65.36,69.47722,1237.89,14.92098852,3.018
17-05-2021,57.02,57.37,56,6410,-0.45,66.28,69.224247,1234.69,15.51187893,3.164
18-05-2021,56.45,57.14,53.08,5360,-5.67,65.5,65.67028,1233.8,15.58303215,3.078
19-05-2021,52.92,53.6,49.3,13600,-6.31,63.35,61.28602,1215.27,15.68313301,3.028
20-05-2021,50.65,53.47,50.59,8410,6.08,61.94,65.299066,1232.28,15.92808227,2.991
21-05-2021,52.75,54.34,51.74,5660,-1.83,63.36,63.854497,1238.92,15.66922391,2.977
24-05-2021,52.2,53.51,51.4,2560,1.87,65.78,65.240315,1243.9,15.05673035,2.96
25-05-2021,53.81,54.27,52.83,4140,0.79,65.79,65.94175,1243.74,14.88936552,2.974
26-05-2021,54.13,55.23,53.2,4370,0.72,65.96,66.09418,1243.42,14.78648061,3.027
27-05-2021,53.59,54.14,51.58,2110,-3.38,66.6,63.873888,1247.07,14.94374797,2.978
28-05-2021,52.23,52.9,50.78,3110,-1.55,66.1,62.870862,1256.6,15.43517419,3.007
31-05-2021,52.38,52.42,51.88,5890,1.28,66.96,63.8634,1248.93,15.83370574,3.055
01-06-2021,52.77,53.7,52.32,1190,1.4,67.52,64.681667,1258.58,15.69778018,3.126
02-06-2021,52.52,52.55,51.44,3930,-1.94,68.63,63.413546,1263.62,15.34197149,3.094
03-06-2021,52.85,53.15,50.66,4660,-2.33,68.6,61.505052,1259.13,14.81735672,3.059
04-06-2021,50.61,51.95,49.8,2280,-0.51,69.39,61.396755,1262.79,14.5019607,3.114
07-06-2021,49.83,52.5,49.83,240,2.97,69.04,63.346233,1266.8,14.45765285,3.089
08-06-2021,52.33,53.1,52.07,4050,1.17,69.87,63.995118,1268.46,14.59556276,3.14
09-06-2021,53,54.6,52.81,2840,2.51,69.79,65.63942,1271.73,14.84033924,3.144
10-06-2021,53.62,54.33,53.05,1670,0.46,70.09,65.895135,1270.86,15.06161754,3.166
11-06-2021,53.95,54.2,52.8,2340,-1.99,70.6,64.246542,1279.72,15.0040459,3.311
14-06-2021,53.43,54.36,52.94,1420,0.41,70.63,64.576822,1283.31,14.36293925,3.367
15-06-2021,53.01,53.01,51.43,5300,-2.87,71.86,62.753824,1284.71,14.35212693,3.256
16-06-2021,51.9,52.7,51.15,3020,-0.08,71.95,62.032968,1289.02,14.4764882,3.271
17-06-2021,51.33,51.75,50.76,1930,-0.85,70.78,61.053968,1291.31,14.6152202,3.275
18-06-2021,51.7,52.41,51.61,1580,1.91,71.29,61.98036,1268.39,14.81798914,3.236
21-06-2021,52.16,53.31,51.99,3480,1,73.12,62.88737,1275.3,15.27808454,3.215
22-06-2021,53.23,53.81,53.16,4310,1.86,72.85,64.178688,1278.21,15.42593131,3.277
23-06-2021,53.99,55.2,53.88,6790,2.36,72.36,65.623275,1268.85,15.59305122,3.352
24-06-2021,54.85,55.73,54.66,5720,0.84,72.63,66.19957,1283.01,15.78271497,3.437
25-06-2021,55.67,56.16,55.3,8060,-0.02,73.33,66.204284,1282.9,15.8511424,3.52
28-06-2021,55.89,56.31,55.05,6240,0.76,72.2,66.65516,1273.06,16.21745522,3.593
29-06-2021,55.75,56.57,55.61,2370,0.25,72.31,66.65958,1275.94,16.32082753,3.606
30-06-2021,55.8,57.03,55.62,5060,1.32,72.77,67.31269,1264.63,16.31461492,3.624
01-07-2021,57.09,59,57.02,3680,2.25,74.33,68.789488,1270.95,16.15379282,3.632
02-07-2021,58.41,58.77,57.56,1400,-0.52,74.36,68.526464,1273.19,16.09735134,3.668
05-07-2021,58.02,58.69,57.97,750,0.9,76.25,69.125908,1273.49,15.79594171,3.79
06-07-2021,58.56,58.58,52.68,3610,-6.59,72.58,64.358968,1264.43,15.35027899,3.608
07-07-2021,53.93,55.37,52.9,2740,-2.59,71.5,62.517067,1270.85,15.22168149,3.574
08-07-2021,53.11,53.6,51.32,3480,-0.49,72.22,62.490234,1244.93,15.36388797,3.667
09-07-2021,53.55,54.86,53.3,3590,3.6,73.81,64.909691,1265.84,15.47617837,3.657
12-07-2021,54.22,54.22,51.95,2070,-4.66,73.44,61.809108,1273.26,15.64554695,3.732
13-07-2021,52.15,53.7,51.7,2090,2.19,74.69,62.708324,1275.32,15.89884693,3.682
14-07-2021,52.81,55.88,52.05,2440,0.98,72.64,63.64863,1276.01,15.66362124,3.648
15-07-2021,52.8,53.9,52.3,2600,-0.76,71.38,63.040644,1263.83,15.42679138,3.601
16-07-2021,53.59,53.98,52.74,3010,-0.17,71.56,62.89704,1258.67,15.17953416,3.658
19-07-2021,53,54.35,52.4,3870,-0.88,66.35,62.305238,1228.75,14.65385363,3.754
20-07-2021,52.72,52.81,50.87,2650,-2.31,67.2,60.767861,1235.13,14.57058714,3.852
21-07-2021,51.82,52.65,51.3,5730,1.78,69.57,61.919792,1257.91,14.70802525,3.938
22-07-2021,52.04,52.58,50.46,4190,-2.57,71.14,60.21532,1265.13,14.72078103,3.982
23-07-2021,50.4,51.31,50.37,5450,0.2,71.38,60.338146,1279.86,14.7730061,4.042
26-07-2021,51.1,53.71,50.96,1440,4.51,71.34,63.207243,1276.46,14.91282202,4.082
27-07-2021,54,54.06,53.2,2390,-0.54,71.14,62.944992,1265.3,14.89198377,3.942
28-07-2021,53.54,54.53,53.54,1210,1.73,71.79,64.18364,1281.47,14.64602632,3.967
29-07-2021,54.42,54.69,53.51,1890,0.39,72.98,64.671726,1287.78,14.35178462,4.06
30-07-2021,54.15,54.24,53.2,1350,-1.32,73.23,63.73003,1281.19,14.25992381,3.92
02-08-2021,53.47,55.56,53.46,2010,2.05,70.61,65.019293,1293.11,14.05983599,3.938
03-08-2021,54.75,55.48,54.42,1200,-0.44,70.03,64.6963,1295.59,14.02712241,4.032
04-08-2021,54.88,55.93,54.55,1190,2.33,67.79,66.06297,1302.18,14.18785641,4.163
05-08-2021,55.95,56.48,55.05,1860,0.93,68.74,66.661488,1308.22,14.3813292,4.148
06-08-2021,56.63,57.3,56.54,1830,1.21,68.1,67.05552,1311.81,13.9031297,4.154
09-08-2021,56.9,57.7,56.25,2140,-0.07,66.3,66.877426,1314.21,13.53839215,4.075
10-08-2021,57.45,57.92,56.96,1750,1.39,68.06,67.694886,1319.8,13.40391836,4.103
11-08-2021,57.37,58.53,56.34,2380,0.64,69.02,68.238918,1324.71,13.31191819,4.071
12-08-2021,57.99,58.4,56.3,1920,-2.6,68.9,66.410001,1327.49,13.34939348,3.948
13-08-2021,56.73,56.73,55.58,1510,-1.57,68.21,65.723034,1327.64,13.47948686,3.875
16-08-2021,55.5,58.6,55.46,920,4.99,67.05,68.919004,1316.4,13.71259197,3.96
17-08-2021,58.28,58.58,57.37,3410,-1.64,66.34,67.391248,1313.42,13.52808906,3.851
18-08-2021,57.42,58.37,55.73,3120,-0.19,65.21,67.27395,1308.69,13.32170916,3.866
19-08-2021,57.3,57.3,52.86,10110,-6.28,63.5,62.852816,1282.43,13.31340794,3.844
20-08-2021,54.03,55.2,53.82,4130,1.63,62.14,64.000512,1288.28,13.49805336,3.866
23-08-2021,55.53,56.55,55.26,5650,1.74,65.34,65.373281,1300.73,14.28775665,3.96
24-08-2021,56.08,57.18,55.79,2990,2.34,67.25,66.956841,1301.83,14.5986227,3.916
25-08-2021,56.98,57.42,56.19,2410,-0.18,68.06,66.93599,1303.41,15.00484232,3.925
26-08-2021,56.65,57.86,55.97,1320,0.56,67.1,67.19825,1301.47,15.08930189,4.211
27-08-2021,57.84,60.25,57.84,7800,3.72,68.48,69.956076,1307.29,15.15851777,4.388
30-08-2021,60.31,61.29,60.15,4290,2.97,68.93,72.04386,1308.94,15.22724828,4.359
31-08-2021,60.56,61.25,60.26,3090,-0.02,68.26,72.105349,1308.97,15.30102129,4.425
01-09-2021,61.14,62.18,60,7520,-1.06,68.32,71.519154,1322.54,15.35863489,4.663
02-09-2021,60.62,62.03,59.89,1920,2.33,69.73,73.410759,1325.51,15.51556376,4.692
03-09-2021,61.69,62.75,61.44,3370,-0.32,69.07,73.228766,1314.2,15.57812608,4.762
06-09-2021,62.48,63.47,62.17,2320,1.59,68.8,74.305548,1326.86,16.06022821,4.693
07-09-2021,63.03,63.16,61.96,4400,-0.53,68.13,73.733292,1322.59,16.1229259,4.615
08-09-2021,62.71,63.61,62.27,4770,0.74,69.05,74.114762,1312.34,16.10858943,4.962
09-09-2021,62.55,63.36,62.17,3450,0.48,67.92,74.5448,1310.8,16.19056285,5.072
10-09-2021,63.13,63.17,60.95,2940,-2.89,69.47,72.325308,1308.81,16.37454665,4.973
13-09-2021,61.23,62.99,61.2,5210,0.25,70.19,72.465696,1311.42,16.68649394,5.273
14-09-2021,61.8,62.25,59.6,7050,-1.97,70.23,71.000832,1310.78,16.86938519,5.305
15-09-2021,60.51,61.71,59.1,5100,0.03,72.33,71.10267,1298.6,17.10592897,5.507
16-09-2021,59.61,60.98,58.64,5510,-0.91,72.37,70.148732,1304.75,17.22869776,5.382
17-09-2021,59.93,60.48,59.44,6710,0.32,71.82,70.13895,1294.64,17.28823473,5.146
20-09-2021,59.59,61.36,58.88,8920,2.01,70.14,71.54595,1274.15,17.60392496,5.022
21-09-2021,60.95,61.5,60.21,2430,-0.85,70.49,70.92415,1291.36,17.63039055,4.842
22-09-2021,60.64,61.05,60.2,5540,0.73,71.89,71.214484,1306.13,17.57361717,4.855
23-09-2021,60.96,61.47,59.5,6070,-0.08,72.95,71.460504,1318.42,17.22786939,5.043
24-09-2021,60.85,64.5,60.29,4840,3.94,73.61,74.137906,1305.63,16.99135178,5.2
27-09-2021,64.25,65.33,64,6050,2.26,75.08,75.683568,1305.39,16.64515763,5.731
28-09-2021,65.75,66,62.07,8300,-3.75,74.9,72.760949,1277.87,16.60996117,5.88
29-09-2021,63.46,63.5,61.74,7270,1.59,74.5,73.37316,1282.07,16.57327011,5.595
30-09-2021,63.27,63.27,60.73,5410,-1.77,74.7,71.987496,1275.93,16.76492967,5.991
01-10-2021,62.25,64.15,61.53,2890,0.47,75.58,72.40453,1275.94,16.73984412,5.763
04-10-2021,63.27,64.9,62.71,3330,2.19,77.33,74.165222,1266.67,16.23776436,5.906
05-10-2021,64.25,65.8,64.2,9910,2.1,78.57,75.559536,1286.31,16.05376535,6.432
06-10-2021,65.16,65.16,59.35,12720,-8.56,77.06,68.850648,1269.63,16.08513668,5.803
07-10-2021,60.18,61.11,58.2,9850,2.06,77.96,70.23555,1291.25,16.39526479,5.817
08-10-2021,60.49,61.15,58.3,6560,-3.37,78.76,67.967692,1283.4,16.77723496,5.71
11-10-2021,58.67,60.66,58.49,2330,1.4,79.92,68.820858,1284.27,17.91287126,5.502
12-10-2021,59.52,59.91,58.91,3000,-0.4,79.92,68.401218,1280.93,18.28639769,5.663
13-10-2021,59.42,60.54,58.65,5220,0.19,79.82,68.91444,1291.84,18.67367691,5.753
14-10-2021,59.79,62.08,59.79,10060,3.94,80.77,71.639326,1310.91,18.6997374,5.837
15-10-2021,62.16,62.19,58.62,4220,-3.24,81.73,69.3564,1320.37,18.67916599,5.6
18-10-2021,58.93,60,57.64,4490,-1.46,81.69,68.400228,1311.86,19.1828921,5.236
19-10-2021,58.26,58.69,54.45,7930,-6.79,82.44,63.882944,1315.67,18.93928273,5.35
20-10-2021,55.48,58.48,55.48,6450,5.86,83.42,67.727286,1321.73,18.21982523,5.447
21-10-2021,57.8,58.99,56.9,12640,0.4,81.36,67.831777,1321.01,17.80390853,5.346
22-10-2021,58.51,60.53,58.44,4740,0.46,82.5,68.298008,1331.44,17.7208171,5.461
25-10-2021,59.51,60.11,58.92,4840,1.21,82.61,68.88161,1328.3,17.67041311,6.056
26-10-2021,59.68,60.54,59.14,5470,1.36,83.36,69.75552,1336.35,17.97831716,6.003
27-10-2021,60,60.45,59.2,4640,0.18,81.48,69.937308,1333.93,18.51270086,6.198
28-10-2021,59.73,59.84,58.32,3460,-2.21,81.46,68.836026,1343.15,18.88357656,5.871
29-10-2021,59.3,59.87,58.5,6870,0.24,81.78,68.302388,1343.09,18.87766127,5.529
01-11-2021,59.41,60.78,57,4700,-3.03,82.45,66.490774,1352.1,17.44559942,5.305
02-11-2021,57.7,60,57.5,15250,4.36,82.44,69.218883,1353.92,17.50083085,5.64
03-11-2021,59.86,60.67,59.42,6880,0.6,79.57,69.83415,1358.3,17.77037779,5.78
04-11-2021,59.76,61.76,59.25,5610,0.05,77.7,69.519936,1366.11,17.95871397,5.826
05-11-2021,60.23,61.53,59.63,8230,-0.75,80.13,69.083718,1373.1,18.24457903,5.626
08-11-2021,60.27,61.43,60.16,10610,2.06,80.74,70.628256,1372.62,19.40022157,5.505
09-11-2021,60.35,61.7,60.23,6800,-0.34,82.56,70.415325,1370.46,19.52678429,5.07
10-11-2021,60.45,63.58,60.31,8930,4.49,80.06,72.862344,1369.54,19.62289824,4.974
11-11-2021,63.12,64.22,62.4,4900,0.85,80.42,73.3029,1371.18,19.76146872,5.245
12-11-2021,63.98,64.81,63.43,4860,-0.69,79.69,72.7991,1375.85,19.87979781,4.88
15-11-2021,63.94,67.27,63.94,9550,4.15,79.75,75.272274,1382.32,20.89305477,5.104
16-11-2021,66.8,68.1,66.57,8170,2.43,79.74,76.776777,1387.75,21.09534336,5.27
17-11-2021,68.15,68.73,67.1,10940,-0.56,77.55,76.346655,1387.91,20.99077233,4.914
18-11-2021,67.57,69.49,66.62,9090,2.86,78.41,78.878122,1382,20.80410344,4.995
19-11-2021,69.47,70.1,68.9,6420,0.39,75.94,78.62092,1372.66,20.63057568,5.145
22-11-2021,70.09,71.48,69.59,7510,0.82,76.12,78.885148,1367.74,20.65841558,4.861
23-11-2021,70.3,70.93,69.1,12720,-1.04,77.94,78.148454,1351.77,20.69985821,5.035
24-11-2021,69.93,73.48,69.25,13300,5.38,77.81,81.995631,1353.39,21.04588144,5.114
25-11-2021,73.58,75.37,72.5,13110,2.13,77.41,83.809674,1362.23,21.5275499,5.087
26-11-2021,74.38,74.51,70.7,7140,-2.23,67.84,82.749904,1303.92,21.95601637,5.477
29-11-2021,74.2,76.06,74.2,13080,1.94,69.62,84.163114,1312.45,22.86522648,4.768
30-11-2021,74.12,75.81,73.54,14830,1.6,65.85,85.847528,1299.21,22.70104825,4.506
01-12-2021,75.95,78.76,75.6,10850,1.94,65.37,87.38268,1326.74,22.22728372,4.188
02-12-2021,76.51,80.35,76.5,15680,3.95,66.27,90.674475,1307.8,22.05655996,3.997
03-12-2021,80.41,80.8,78.38,12640,-2.01,66.1,88.965432,1298.5,21.970651,4.073
06-12-2021,79.14,82.17,78.74,15710,3.83,69.3,92.142025,1314.98,21.47666513,3.625
07-12-2021,82.3,85.94,82.3,19740,4.52,71.84,96.118442,1356.77,21.61606323,3.674
08-12-2021,85.64,91.19,85.51,27840,4.77,72.18,101.408822,1345.27,21.7297273,3.774
09-12-2021,90.25,90.75,80.4,29010,-9.54,70.79,91.329696,1338.73,21.86423458,3.784
10-12-2021,81.08,84.5,80.48,29310,4.32,71.48,95.430907,1333.19,21.93804256,3.889
13-12-2021,84.8,87.4,82.2,18390,-1.96,71.06,93.332976,1322.64,21.9339543,3.761
14-12-2021,82.32,83.88,78.9,21060,-3.14,70.52,90.191084,1311.69,21.93118868,3.713
15-12-2021,80.35,82.24,80.1,28370,1.34,70.66,91.622915,1314.7,22.06050691,3.761
16-12-2021,82.18,86.05,81.12,34660,5.57,72.15,97.092288,1326.28,21.95706324,3.715
17-12-2021,85.25,85.25,73.25,42720,-13.64,70.72,83.191078,1315.69,21.97205554,3.639
20-12-2021,74,81.75,73.42,28040,8.2,68.61,90.301475,1302.63,22.19196365,3.758
21-12-2021,80.52,82.85,78.09,18010,1.06,70.82,91.324602,1325.62,22.61953735,3.774
22-12-2021,80.07,80.17,75.45,31500,-5.08,72.33,87.002292,1339.48,23.14294926,3.86
23-12-2021,77.5,77.75,74.25,19470,-3.08,73.42,84.348288,1353.32,23.20891707,3.63
24-12-2021,74.7,76.87,74.51,2380,2.48,75.18,86.360027,1349.62,22.54704372,
27-12-2021,75.87,77.13,75.04,3630,0.8,75.18,87.1119,1360,20.89532592,3.942
28-12-2021,76.8,79.69,76.21,4610,3.08,75.6,89.669061,1365.65,19.71664758,3.885
29-12-2021,79.13,80.87,78.11,13840,1.35,76.18,91.192528,1360.2,18.56628907,3.85
30-12-2021,80.5,80.65,79.25,8540,-0.25,76.61,90.765168,1365.34,17.4186537,3.435
31-12-2021,79.98,81.25,79.55,3690,0.61,74.88,91.68292,1361.69,16.65559964,3.557
03-01-2022,79.8,84.4,79.8,9980,4.17,75.85,94.880894,1372.06,14.90491995,3.678
04-01-2022,83.95,86.8,83.81,17530,1.07,76.74,95.820935,1383.49,15.01326742,3.582
05-01-2022,85.9,88.55,85.27,20640,3.14,77.47,99.079254,1388.09,15.16434125,3.71
06-01-2022,87.47,87.8,85.33,13390,-0.96,78.88,97.938134,1365.23,15.75203944,3.67
07-01-2022,86.8,87.61,85.21,15830,-1.52,78.44,97.028578,1363.02,16.77792255,3.726
10-01-2022,86.12,87,79.8,30950,-6.24,77.7,90.693916,1343.97,19.36849238,3.834
11-01-2022,81.4,84.45,80.12,23490,1.51,80.67,92.38932,1357.31,20.14635543,3.968
12-01-2022,82.7,83.24,79.15,20170,-1.59,82.02,91.547442,1369.84,20.87315731,4.327
13-01-2022,80.2,81.43,77.55,25060,0.69,81.62,92.265368,1369.53,21.40228311,4.005
14-01-2022,82.05,83.75,81.5,24950,1.89,83.3,93.686112,1356.84,21.77820415,4.081
17-01-2022,82.7,82.75,79.88,15800,-1.83,83.69,91.917606,1361.98,22.26757772,4.276
18-01-2022,80.4,82.97,79,46230,2.59,84.83,93.623775,1347.57,22.21724713,4.048
19-01-2022,82.8,82.8,80.8,31780,-0.7,85.8,93.098269,1349.54,21.9912893,3.845
20-01-2022,81.34,85.97,80.53,31230,4.26,85.55,96.80229,1358.95,21.82630256,3.649
21-01-2022,85.21,85.65,83.28,20160,-1.31,84.14,95.78898,1335.09,21.77467771,3.782
24-01-2022,84.4,86.45,83.02,26650,-0.53,82.41,95.135846,1282.86,22.15855464,3.875
25-01-2022,84.3,88.1,83.61,28180,4.08,84.37,98.809755,1287.71,22.30054938,3.894
26-01-2022,87.37,90,86.63,28000,1.38,85.96,99.627242,1314.35,22.42843276,4.036
27-01-2022,87.9,89.95,87.9,21720,1.24,85.29,100.019568,1319.57,22.36068194,4.283
28-01-2022,89.4,90.63,88.88,19660,-0.6,85.43,99.417846,1307.99,22.15134307,4.473
31-01-2022,89.37,89.95,88.1,17720,0.02,86.49,100.243292,1318.51,20.60056316,4.675
01-02-2022,89.74,89.94,87.16,22350,0.31,86.46,100.880088,1337.19,20.17060719,4.573
02-02-2022,90,94.62,89.6,40360,5.24,86.69,106.485563,1337.23,20.0268819,5.044
03-02-2022,94.25,94.94,93.1,22090,0.64,88.45,108.443678,1313.75,20.29904866,4.72
04-02-2022,94.89,97.5,94.44,27890,1.73,90.33,110.39667,1306.44,20.34644265,4.492
07-02-2022,96.62,96.8,93.7,24300,0.26,89.77,110.64414,1319.11,20.34127963,4.198
08-02-2022,97,98.49,95.25,30320,0.24,87.9,110.635902,1319.05,20.21768665,4.218
09-02-2022,96.29,97.6,90.26,35630,-6.33,88.53,103.700338,1340.07,20.09567683,3.98
10-02-2022,91.45,93.42,89.25,28870,-0.01,88.56,103.734306,1336.23,20.01180331,3.943
11-02-2022,90.5,93.38,88.5,24980,2.3,91.42,105.398163,1324.03,20.30029084,3.935
14-02-2022,93.7,94,89.9,23370,-1.2,93.5,103.73468,1298.61,20.72236198,4.16
15-02-2022,91.48,92.75,90.31,26150,-0.68,90.21,103.498584,1315.01,20.78851555,4.241
16-02-2022,90.29,91.21,87.77,31050,-1.4,91.83,102.197778,1317.69,20.39048052,4.572
17-02-2022,89.84,90.45,85.8,31590,-3.81,90.04,98.19584,1311.1,19.7122117,4.43
18-02-2022,86.16,89.66,86.16,21370,3.51,90.21,101.288987,1302.45,18.99192112,4.377
21-02-2022,89.07,90.95,88.02,19950,0.23,92.65,101.42808,1277.17,18.02037957,4.705
22-02-2022,89.9,90.28,88.1,22310,0.1,91.91,101.664525,1278.11,17.80424841,4.461
23-02-2022,89.79,95.56,89.54,30150,5.9,90.69,107.514663,1275.59,18.03733701,4.593
24-02-2022,95,95,86.15,49740,-8.46,90.94,97.395273,1236.46,18.30392917,4.641
25-02-2022,88.24,89.7,87.06,20870,1.28,89.89,99.307338,1275.75,18.58573939,4.485
28-02-2022,85.94,86,80.12,36020,-6.73,93.5,92.231399,1268.8,20.15273954,4.42
01-03-2022,82.6,84.43,66,78660,-16.25,100.21,76.60251,1229.68,20.66192936,4.598
02-03-2022,70.55,70.96,55,78460,-0.52,107.06,76.167729,1243.87,21.0971803,4.787
03-03-2022,68.7,69.49,63.49,40640,-1.66,104.61,74.51604,1216.78,21.50686494,4.736
04-03-2022,66,68.74,64.3,35930,-3.34,112.11,71.12826,1159.76,21.8759292,5.036
07-03-2022,64.29,64.29,56.82,47750,-10.45,115.8,63.26716,1150.43,22.28952163,4.858
08-03-2022,57.4,69.29,56.5,38500,17.51,119.65,74.669049,1144.44,22.20567749,4.563
09-03-2022,68.02,74.67,67.22,36120,6.82,105.05,81.04685,1210.28,22.02906247,4.561
10-03-2022,72.53,76.68,69.52,32700,4.41,102.99,83.921103,1182.49,21.75585062,4.669
11-03-2022,75.93,78,73.71,22270,0.46,106.3,83.737484,1192.11,21.27137728,4.766
14-03-2022,76,81.5,75.81,19370,1.98,101.18,85.630492,1199.84,20.05965097,4.702
15-03-2022,77,79.15,75.01,24730,-1.09,94.79,84.793593,1197.16,19.9877749,4.617
16-03-2022,77.51,79.11,75.25,22570,0.94,93.59,86.226112,1244.3,19.90180335,4.784
17-03-2022,79.18,80.19,76.32,23820,2.21,101.65,88.590021,1251.9,19.85016132,5.021
18-03-2022,80,80,78.32,19040,-1.25,103.09,87.212895,1263.6,19.9715235,4.902
21-03-2022,78.72,79.74,77.52,13940,-0.63,109.97,86.338746,1262.45,19.66025154,4.934
22-03-2022,79.05,81.4,78.61,18470,2.91,109.27,88.954809,1276.11,19.4514985,5.227
23-03-2022,80.9,81.3,75.85,30570,-5.05,111.99,84.29064,1262.35,19.37941355,5.274
24-03-2022,76.62,79.24,75.9,16430,2.14,109.43,86.032704,1260.06,19.45098973,5.446
25-03-2022,78.26,79.06,77.23,18500,0.46,111.06,86.31066,1261.96,19.37822987,5.611
28-03-2022,78.7,81.99,77.87,22020,2.81,103.42,88.713218,1262.57,19.36768062,5.538
29-03-2022,80.9,81.99,80.17,25580,1.1,102.05,90.56445,1291.29,19.46494605,5.33
30-03-2022,81.05,81.62,76.8,37770,-4.15,105.68,87.362636,1287.18,19.58458824,5.658
31-03-2022,78.51,80.5,75.35,35660,-2.34,98.52,84.62512,1270.1,19.45210493,5.701
01-04-2022,77,79.88,76.34,16910,2.63,97.9,86.754997,1275.21,19.62640181,5.795
04-04-2022,78.22,79.4,77.14,15610,0.01,101.84,86.1145,1288.42,20.40702199,5.793
05-04-2022,78.76,78.94,77.44,17900,-0.57,100.68,85.097915,1276.81,20.31172791,6.108
06-04-2022,78.01,79.56,76.71,19740,-1.11,95.41,84.072174,1248.33,19.91737677,6.107
07-04-2022,77.17,80.4,76.34,19500,3.58,95.51,86.958732,1240.16,19.46616102,6.436
08-04-2022,79.63,80.98,79.51,13930,0.19,97.73,87.105884,1257.96,19.08362369,6.356
11-04-2022,79.75,80.16,77.55,16220,-2.67,93.92,84.832985,1250.7,18.04637317,6.723
12-04-2022,77.65,79.29,76.85,16030,1.36,100.15,85.536226,1251.79,17.79987498,6.763
13-04-2022,79.17,79.17,77.23,15190,-1.99,103.79,84.29344,1255.37,17.78797398,7.096
14-04-2022,77.38,80.25,77.38,15280,3.27,106.38,86.583519,1262.52,17.96321192,7.423
19-04-2022,80.14,80.95,79.52,18380,0.29,102.05,86.50372,1255.95,16.28958179,7.277
20-04-2022,80.44,88.5,79.79,30560,9.5,102.19,95.2847,1273.17,16.29308727,7.065
21-04-2022,86.5,87.69,85.58,14750,-1.57,102.96,93.666384,1282.66,16.33700682,7.096
22-04-2022,85.99,89.89,85.75,22330,2.95,101.05,96.055806,1258.56,16.50858707,6.663
25-04-2022,88.09,88.32,82.3,24040,-6.21,97.67,89.394006,1230.52,17.17393261,6.805
26-04-2022,84.58,85.25,81.95,22850,-0.9,100.41,87.970356,1222.53,17.41599268,6.978
27-04-2022,81.25,81.94,78.8,22300,-2.06,100.68,85.506055,1227.66,17.61561026,7.339
28-04-2022,81.48,83.67,79.9,20230,2.06,103.47,86.764392,1237.83,17.73179028,6.994
29-04-2022,82.97,85.84,82.29,16070,2.14,102.94,89.018745,1245.92,18.00424365,7.355
02-05-2022,83.59,84.9,82.44,10840,-1.67,103.42,87.225216,1223.13,18.47931872,7.566
03-05-2022,83.3,89.06,82.72,23530,6.2,100.9,92.77588,1237.61,18.26863318,8.025
04-05-2022,88.15,89.32,85.97,24450,0.14,106.22,93.794051,1226.19,18.14734937,8.472
05-05-2022,88.7,91.99,86.82,27930,0.68,106.74,93.71114,1219.91,18.10920338,8.841
06-05-2022,89.27,92.45,88.4,23560,2.96,108.33,96.583854,1199.82,17.9813346,8.128
09-05-2022,91.37,92.22,86.52,29900,-4.94,101.77,91.84961,1163.45,17.55805833,7.106
10-05-2022,87,88.69,85.75,20370,0.37,98.45,91.942818,1169.09,17.1687348,7.467
11-05-2022,87.51,90.04,81.9,30320,1.71,104.03,93.369213,1195.85,16.65701727,7.727
12-05-2022,88.58,89.05,86.71,22740,-0.64,104.4,91.605054,1182.85,16.29841292,7.835
13-05-2022,88.07,90.5,87.6,13900,0.25,108.63,92.116528,1211.74,16.00585911,7.765
16-05-2022,87.7,90.35,87.63,14990,1.22,111.82,93.420036,1210.42,15.42240142,8.053
17-05-2022,90.4,92.75,89.61,19890,2.41,109.63,96.737084,1226.54,15.58963094,8.394
18-05-2022,88.92,90,82.77,32160,-7.72,107.04,88.584224,1214.3,15.73975788,8.455
19-05-2022,84.57,85.55,80.16,28700,-1.72,109.89,88.054348,1195.87,15.75980279,8.4
20-05-2022,83.5,84.2,80.16,19000,-3.35,110.28,84.89184,1200.49,15.81485046,8.178
23-05-2022,80.16,82.67,77.8,19450,-2.79,107.54,83.534535,1215.31,15.82993516,8.827
24-05-2022,78.12,82.66,77.38,19830,4.06,107.2,87.288888,1195.09,15.73454641,8.836
25-05-2022,80.84,82.63,80.29,13830,0.1,107.75,86.9352,1206.68,15.65733448,8.993
26-05-2022,81.15,85.21,81.11,23610,4.13,111.25,90.896624,1224.98,15.21470612,8.895
27-05-2022,84.87,85.33,83.45,12450,-0.66,112.23,90.32134,1242.37,14.90384207,8.712
30-05-2022,84.36,85.05,83.09,11270,-0.27,117.61,90.494469,1251.21,15.41723241,8.686
31-05-2022,84,85,83.5,12540,0.06,111.91,90.178666,1242.42,15.75360428,8.138
01-06-2022,84.22,87.64,83.81,13340,2.45,112.72,91.640768,1229.02,16.00184507,8.686
02-06-2022,86.15,88.64,85.62,8330,0.3,114.3,92.77233,1237.52,16.51023397,8.474
03-06-2022,86.34,87.33,85.99,4570,0.61,116.23,93.107266,1235.19,16.78199041,8.51
06-06-2022,87.21,87.21,81.23,16410,-6.26,116.06,87.081242,1249.59,16.0973331,9.306
07-06-2022,82.25,82.93,80.63,18470,-0.15,117.1,86.993569,1242.75,15.85236909,9.278
08-06-2022,80.92,81.98,79.1,27950,-1.84,119.78,85.508434,1239.28,15.74940196,8.679
09-06-2022,80.25,82.2,79.41,19640,1.5,119.09,85.984014,1222.66,15.75918095,8.978
10-06-2022,81.09,82.8,80.15,14890,1.05,118.12,86.07579,1190.66,15.69909486,8.867
13-06-2022,82.1,82.24,79.81,16780,-0.39,118.25,84.866832,1156.45,15.54656267,8.619
14-06-2022,81.82,84.5,81.25,16340,3.2,116.26,87.63381,1146.61,15.53726227,7.18
15-06-2022,83.76,86.98,83.16,18140,2.44,113.09,90.01866,1163.16,15.53799443,7.406
16-06-2022,86.2,86.9,82.15,17930,-3.71,115.25,87.5401,1127.59,15.4213567,7.438
17-06-2022,82.9,84.18,81.8,14470,-0.76,107.99,86.472026,1127.96,15.48792221,6.906
20-06-2022,83.5,85.33,82.9,14280,1.98,108.84,88.2756,1137.19,15.97111806,6.713
21-06-2022,84.33,85.43,83.54,14000,0.87,109.52,89.178325,1143.91,16.02049541,6.783
22-06-2022,84.5,84.83,81.2,21270,-3.36,103.99,86.50622,1130.77,16.13538449,6.872
23-06-2022,81.75,84.25,81.55,16810,2.75,101.58,88.529999,1123.69,16.42833659,6.283
24-06-2022,84.28,84.5,83.01,14640,-0.83,104.45,88.052022,1157.68,16.40762337,6.281
27-06-2022,84,85.74,83,15670,1.94,106.38,90.008415,1164.48,16.4916356,6.546
28-06-2022,84.32,88.06,83.75,15770,2.76,108.89,91.92732,1172.77,16.54608469,6.57
29-06-2022,87.42,90.13,87.11,20930,1.09,107.01,92.228565,1165.32,16.53897554,6.493
30-06-2022,88.1,90.33,87.3,18400,2.05,103.1,94.505712,1145.98,16.65676826,5.392
01-07-2022,89.32,90.35,85.01,18400,-5.08,105.39,89.242824,1146.51,16.76254196,5.712
04-07-2022,85.58,87.17,83.5,14140,-1.2,110.4,88.109555,1154.07,16.43152174,5.853
05-07-2022,84.99,84.99,82.52,14860,-1.61,96.52,85.402854,1124.04,16.22129743,5.487
06-07-2022,82.98,84.64,82.7,13940,0.04,94.98,84.726282,1143.07,15.93765717,5.482
07-07-2022,83.5,85.46,82.76,15020,2.04,99.25,86.270228,1168.49,15.51528028,6.262
08-07-2022,84.92,85,82.6,13960,-2.51,101.53,84.305057,1174.54,15.36594761,5.967
11-07-2022,82.77,84.62,82.7,11900,1.9,101.21,84.689004,1167.74,15.28404976,6.319
12-07-2022,84.6,86.06,83.33,16960,1.53,93.31,85.95834,1172.5,15.28356565,6.021
13-07-2022,86.01,86.57,83.56,14300,-2.09,93.83,84.36316,1164.78,15.33269589,6.589
14-07-2022,84.1,84.79,83.26,14520,0.13,92.83,84.104352,1148.94,15.27799066,6.511
15-07-2022,83.53,85.74,83.51,14300,1.68,94.57,86.122806,1168.96,15.30006353,6.926
18-07-2022,85.5,85.5,83.7,12220,-0.52,99.42,86.137654,1184.66,15.51338247,7.382
19-07-2022,85.2,85.2,82.8,20970,-1.52,100.74,85.52376,1203.32,15.55423927,7.15
20-07-2022,83.6,83.64,78.7,38180,-5.75,99.88,80.235468,1205.39,15.57993469,7.899
21-07-2022,79.2,79.8,77.65,31890,-0.93,93.78,79.890908,1208.94,15.74679112,7.815
22-07-2022,78.2,79.8,76,28560,-2.32,92.43,77.9023,1211.43,15.92482838,8.195
25-07-2022,76.12,78.42,75.49,22150,0.09,94.42,78.05014,1215.64,15.92132589,8.571
26-07-2022,76.69,77.5,75.85,19520,0.41,92.88,77.554152,1213.48,15.95229983,8.825
27-07-2022,76.61,77.79,75.78,14500,-0.7,95.29,77.678028,1224.7,16.04093485,8.554
28-07-2022,76.25,80.12,76.07,16570,3.7,94.65,80.507616,1239.58,16.02204871,8.118
29-07-2022,78.96,79.5,77.54,18600,-0.52,96.75,80.26239,1255.15,15.96037847,8.208
01-08-2022,78.5,80.87,78.1,11870,2.58,92.39,82.683138,1252.07,16.0546067,8.26
02-08-2022,80.15,82.25,79.64,19580,1.7,93.22,83.29398,1247.35,15.84051808,7.698
03-08-2022,81.83,84.1,81.65,14090,2.49,89.74,85.367436,1261.25,15.60523058,8.262
04-08-2022,83.6,84.85,83.28,17590,0.24,87.56,86.235817,1262.02,15.46089974,8.114
05-08-2022,84.31,85.45,83.5,12350,0.68,88.08,86.294156,1253.89,15.25815715,8.051
08-08-2022,85,85.5,83.65,12980,-1.12,89.93,85.444295,1263.55,14.9034618,7.578
09-08-2022,84.18,86.08,83.95,12990,2.53,89.67,87.743123,1254.72,14.87586524,7.825
10-08-2022,85.5,86.3,84.25,14480,-0.01,91.2,88.471824,1262.16,14.82149551,8.193
11-08-2022,85.98,88.03,85.35,15570,1.9,93.53,90.325335,1268.34,14.63690331,8.863
12-08-2022,86.9,89.25,86.82,16550,1.51,91.46,91.162846,1269.1,14.54907791,8.744
15-08-2022,89.35,90.87,88.5,14700,2.15,88.85,92.23248,1272.12,14.43862745,8.712
16-08-2022,90.07,92.66,90.07,18190,1.43,86.16,93.64536,1276.57,14.44591318,9.311
17-08-2022,92.35,96.44,92.23,18640,4.04,87.69,97.5244,1265.93,14.5225255,9.228
18-08-2022,96.25,97.49,92.7,19870,0.25,90.11,96.885152,1271.35,14.64447939,9.17
19-08-2022,96.3,99.22,95.6,14810,2.05,90.44,98.343234,1261.05,14.7412667,9.315
22-08-2022,98.5,98.69,90.85,20610,-5.96,90.36,91.626197,1243.37,14.92215093,9.647
23-08-2022,92.51,94.19,88.85,20110,-3.12,93.25,88.995343,1245.26,15.05380767,9.155
24-08-2022,90,91.39,88.37,16690,-0.06,94.4,88.92766,1251.04,15.18487988,9.3
25-08-2022,89.2,90.66,87.2,15310,0.08,92.19,89.077794,1254.12,15.2855205,9.344
26-08-2022,89.04,90.49,88.06,12410,1.12,92.39,89.957791,1234.99,15.39426977,9.269
29-08-2022,90.5,90.5,85.69,13820,-4.04,96.19,86.61667,1223.17,15.80415956,9.336
30-08-2022,86.28,86.89,79.92,30590,-6.75,91.17,80.906972,1212.68,15.936486,9.103
31-08-2022,81.06,81.61,79,22950,-0.97,89.03,80.486171,1196.28,16.05791064,9.189
01-09-2022,80.41,81.35,77.45,28260,0.95,86.22,80.337576,1176.57,16.32251888,9.33
02-09-2022,80.75,81.22,77.45,19110,-3.59,86.48,77.508339,1198.92,16.54232979,8.85
05-09-2022,77.49,77.49,73.7,29610,-4.42,88.96,73.89907,1191.56,16.67743725,8.714
06-09-2022,74,74.71,69.2,36850,-6.14,86.51,69.195176,1188.38,16.73813941,8.212
07-09-2022,69.51,71.11,68,28870,-1.22,81.63,69.023097,1183.2,16.85045264,7.901
08-09-2022,69.31,69.31,66,24730,-2.59,83.07,67.199656,1187.99,16.84026613,7.971
09-09-2022,67.05,67.95,65.55,19890,-1.73,86.36,66.337712,1205.38,16.84642091,8.044
12-09-2022,65.99,72.62,65.73,22240,8.69,87.41,72.674658,1225.79,17.44595174,8.287
13-09-2022,71.99,72.44,68.01,24200,-2.88,86.89,69.54075,1207.59,17.49020699,8.334
14-09-2022,70.49,73.8,68.41,21270,4,88.05,72.373158,1202.89,17.53504459,9.167
15-09-2022,72.38,72.55,70,27110,-0.95,84.65,71.842815,1191.23,17.49489752,8.372
16-09-2022,71.85,73.93,71.11,15440,1.98,84.76,73.379905,1174.87,17.24610075,7.811
19-09-2022,73.32,73.8,70.15,18640,-2.96,85.36,71.25642,1174.17,16.7027776,7.804
20-09-2022,70.55,73,70.26,14610,0.06,83.94,70.92658,1161.1,16.96062337,7.772
21-09-2022,71.79,71.79,69.1,16730,-1.9,82.43,68.652423,1171.69,17.15993261,7.827
22-09-2022,69.9,71.12,69.01,12490,0.93,83.03,69.284784,1151.54,17.43353037,7.193
23-09-2022,70.01,70.3,65.35,22610,-6.63,78.25,63.73113,1119.8,17.93931321,6.992
26-09-2022,65.15,71.95,64.1,20570,6.93,76.18,67.558998,1119.1,18.65623981,7.014
27-09-2022,70.33,71.1,67.37,16530,-3.37,77.81,65.187232,1119.8,18.50000255,6.76
28-09-2022,67.8,68.27,64.37,24120,-4.13,81.24,63.41701,1119.3,18.45636289,6.955
29-09-2022,65.53,66.86,64.14,19930,0.89,80.42,64.507422,1101.23,18.52758334,7.142
30-09-2022,64.86,68.66,64.86,16140,1.52,78.72,65.388727,1113.98,18.42076926,7.065
03-10-2022,66.55,66.73,64.25,14310,-1.18,82.7,64.779456,1124.3,17.65744366,6.803
04-10-2022,66.62,68.35,65.4,19880,1.49,85.5,66.806236,1167.54,17.57652898,7.174
05-10-2022,67.72,71.36,66.54,19790,0.22,86.84,66.278574,1156.86,17.06571363,7.236
06-10-2022,66.89,69.49,65.5,15700,2.82,87.59,67.498048,1149.93,16.54395478,7.242
07-10-2022,69.2,70.39,67.63,15420,1.29,91.35,68.040885,1133.21,16.28217609,7.047
10-10-2022,68.98,69.4,65.71,17060,-4.41,89.84,64.7669,1126,16.79590096,6.784
11-10-2022,66.9,67.4,65.65,16720,-0.64,87.97,64.369702,1119.72,17.07094982,6.928
12-10-2022,66.4,68.64,65.01,21020,0.56,86.06,64.735384,1114.09,17.67108106,6.766
13-10-2022,66.37,69.5,65.75,26080,3.19,87.95,67.277332,1124.25,18.18475022,7.053
14-10-2022,68.72,69,67.12,13340,-1.19,84.65,66.108638,1127.81,18.51768086,6.827
17-10-2022,68.01,68.63,66.26,16570,-0.75,84.53,66.416338,1147.23,18.12661131,6.479
18-10-2022,67.29,68.39,66.51,18000,0.39,82.07,66.767004,1150.95,17.96908736,6.237
19-10-2022,67.25,69.69,66.99,19130,-0.71,84.52,65.749059,1148.26,17.73933433,5.928
20-10-2022,67.23,67.88,66.54,18010,-0.62,84.51,65.418921,1158.8,17.45126585,5.838
21-10-2022,66.71,69.42,66.66,12840,2.77,83.95,67.75792,1154.11,17.32270897,5.472
24-10-2022,69,72.66,67.64,23320,5.24,83.59,71.408768,1163.8,17.35224713,5.753
25-10-2022,72.41,77.8,71.99,31490,6.62,84.31,76.832404,1184.6,17.20937306,6.166
26-10-2022,77.25,78.87,74.9,22980,-1.71,86.68,76.373583,1189.32,17.07963076,6.119
27-10-2022,75.26,81,74.9,26460,5.83,87.83,79.905202,1191.26,16.89159741,5.875
28-10-2022,80.27,82.58,80.01,18870,1.25,86.61,80.909523,1191.98,16.57084129,5.953
31-10-2022,81.77,82,78.15,13800,-1.53,85.4,79.034351,1194.14,16.48306084,6.607
01-11-2022,79.78,80.69,75.69,20000,-4.06,87.19,75.753328,1205.29,16.02178173,6.08
02-11-2022,77.16,78.57,76.08,13910,-0.03,88.86,75.29639,1194.23,15.95117309,6.589
03-11-2022,76.63,78.2,75.36,26290,-0.55,87.18,74.380628,1186.33,16.16306469,6.33
04-11-2022,76.5,79.5,76.17,20660,0.1,91.45,76.05456,1216.2,16.60070675,6.754
07-11-2022,76.36,78.2,75.54,17480,1.48,90.73,77.637231,1219.18,17.15655152,7.244
08-11-2022,77.75,77.79,75.55,22830,-1.85,88,76.607632,1223.9,17.56213099,6.524
09-11-2022,76.06,76.94,72.55,37960,-4.34,85,72.840036,1216.92,17.7170806,6.225
10-11-2022,72.5,74.29,70.5,27270,0.4,85.66,74.56944,1245.75,17.79260782,6.613
11-11-2022,73.33,76.54,73.05,20330,3.82,88.16,78.509568,1254.9,17.61298878,6.263
14-11-2022,75.69,76,74.59,20130,-0.8,85.16,77.674975,1257.38,18.59692227,6.299
15-11-2022,75.03,77.25,74,20440,1.89,86.25,79.31742,1266.76,19.02515895,6.395
16-11-2022,77,77.41,73.08,30680,-4.23,85,76.287672,1256.98,19.17722598,6.607
17-11-2022,73.55,74.71,71.89,21450,-1.38,81.4,75.0064,1251.62,19.17021796,6.744
18-11-2022,72.38,73.99,71.95,19320,0.1,80.11,74.818028,1260.1,19.58525855,6.716
21-11-2022,72.44,75.18,71.68,15860,2.5,80.04,76.070148,1256.95,20.43239819,7.223
22-11-2022,74.7,74.7,73.44,12480,-0.55,80.73,76.100874,1266.02,20.54864393,7.406
23-11-2022,74.07,76.88,73.61,14450,2.71,78.07,78.866865,1273.2,20.76473956,7.708
24-11-2022,76.05,78.75,75.64,14090,3.72,77.95,81.900552,1278.56,21.1494047,7.177
25-11-2022,78.71,79.76,78.1,11480,0.36,76.43,82.089315,1279.45,21.27714632,7.33
28-11-2022,78.92,79,76.92,17250,-0.48,77.33,81.238483,1272.19,21.15327758,7.196
29-11-2022,78.86,81.5,78.05,13530,3.56,78.28,84.051453,1273.33,21.61372361,7.084
30-11-2022,81.12,85.25,80.81,26550,4.31,80.66,88.33845,1286.93,22.25609635,6.818
01-12-2022,84.63,88.69,83.91,22090,-0.02,81.14,89.310736,1292.77,22.61244072,6.631
02-12-2022,85.03,87.98,84.45,16950,3.65,80.05,92.713324,1289.73,22.93894042,6.169
05-12-2022,87.85,88.28,85.4,18110,-0.92,77.08,91.450047,1281.96,23.49929134,5.484
06-12-2022,87.13,89.48,86,19770,1.65,74.46,92.765809,1277.21,23.44381731,5.378
07-12-2022,88.29,88.67,86.13,20680,-0.47,72.28,92.643595,1268.6,23.25576398,5.617
08-12-2022,88.15,89.54,87.62,17000,0.84,71.58,93.874508,1269.51,23.25317326,5.82
09-12-2022,88.65,89.16,86.75,15170,-1.35,71.21,92.37969,1274.72,23.26731227,6.082
12-12-2022,87.5,90.41,87.4,17500,2.37,73.28,94.614835,1269.15,24.06006219,6.416
13-12-2022,90.15,90.15,87.16,21220,-0.91,75.44,94.59637,1289.3,24.32046,6.733
14-12-2022,88.44,89.4,84.76,24190,-3.15,77.31,92.068158,1285.98,24.53718217,6.22
15-12-2022,86.19,87.64,85,19650,-1.15,76.15,90.53352,1248.65,24.73998269,6.589
16-12-2022,85.24,86.33,83.07,14700,-1.78,74.46,88.550176,1234.59,24.8748949,6.303
19-12-2022,86.57,86.65,83.85,1110,1.21,75.38,89.813745,1238.09,23.84787801,5.71
20-12-2022,84.6,88.02,83.85,730,2.57,76.23,92.264627,1233.11,22.92314206,5.216
21-12-2022,86.22,86.22,84.25,1740,-1.46,78.24,90.76168,1255.86,22.09033505,5.238
22-12-2022,85.71,87.95,84.95,490,1.46,77.42,92.000205,1243.81,21.18998291,4.928
23-12-2022,87.46,88.05,86.08,330,0,79.64,92.18259,1241.78,20.18777031,4.98
27-12-2022,85.92,88.5,85.55,300,-0.89,79.64,91.571904,1247.72,16.45012348,5.118
28-12-2022,86.02,86.02,83.85,900,-2.27,79.08,89.245104,1238.53,15.80021263,4.685
29-12-2022,83.85,83.85,81.87,470,-2.1,78.5,87.803996,1250.3,15.16451129,4.117
30-12-2022,82,82.8,78.23,1800,-3.59,80.45,84.97388,1231.6,14.62752188,4.104
02-01-2023,80.17,83.68,80.17,210,5.38,80.47,89.208954,1252.02,14.51033256,4.143
03-01-2023,83,83,79.49,910,-3.88,77.12,84.810932,1257.36,14.89101353,3.641
04-01-2023,80.29,80.29,75.24,750,-6.24,73.1,79.91646,1279.1,15.07234233,3.78
05-01-2023,75.35,77.43,74.85,840,1.11,73.92,80.20448,1275.73,15.48547656,3.426
06-01-2023,76,77.33,75,430,-0.91,74.04,80.41542,1294.31,15.78093682,3.392
09-01-2023,74.8,79.58,74.8,1210,4.7,74.92,84.85848,1307.86,16.77263072,3.563
10-01-2023,79.74,79.79,77.94,1750,-0.91,75.37,84.133092,1300.12,16.85042858,3.314
11-01-2023,78.25,79.11,76.24,1410,-2.22,77.68,82.42632,1310.35,17.06212123,3.346
12-01-2023,76.73,77.9,76.25,110,1.46,78.65,84.338496,1318.53,16.99558031,3.355
13-01-2023,77.49,78,75.82,480,-0.72,80.11,83.59216,1326.9,17.10271888,3.196
16-01-2023,76.8,76.98,75.07,730,-2.76,79.04,81.195712,1328.82,17.42477567,3.675
17-01-2023,75.25,77.7,74.75,560,2.85,80.45,83.294148,1335.08,17.80310059,3.253
18-01-2023,76.9,81.42,76.85,1030,5.45,79.8,87.868464,1334.94,18.43789268,3.111
19-01-2023,80.89,82.73,80.78,690,0.54,80.61,88.629822,1310.6,19.25471341,3.124
20-01-2023,81.92,82.72,81.01,840,0.9,81.64,89.6623,1318.01,20.22508327,3.036
23-01-2023,82.59,83.32,81.7,440,-0.97,81.93,88.90024,1328.43,22.64168802,3.222
24-01-2023,81.93,82.21,79.1,650,-2.67,80.44,86.66637,1328.06,23.08456407,3.057
25-01-2023,79.46,82.4,78.9,300,3.34,80.44,89.80862,1323.3,23.41333801,2.915
26-01-2023,82.19,86.9,81.65,950,5.51,81.28,94.527409,1332.27,23.62909627,2.848
27-01-2023,86.81,88,86.37,1190,0.15,79.96,94.477698,1334.51,23.59393625,2.849
30-01-2023,87.05,87.56,85.84,1540,0.31,78.18,94.570524,1327.19,22.8623073,2.731
31-01-2023,87.18,90.33,86.43,2810,3.35,79.17,97.899206,1327.37,22.19171369,2.741
01-02-2023,90,94.26,90,610,2.8,76.73,101.813085,1327.87,21.40585673,2.536
02-02-2023,92.8,93.96,89.23,1060,-2.16,76.2,98.89915,1343.86,20.8752813,2.522
03-02-2023,91.82,92.98,90.41,750,0.28,73.74,98.10837,1356.04,20.29997497,2.48
06-02-2023,90.44,92.34,87.8,440,-3.23,74.47,94.38108,1337.71,20.34083858,2.535
07-02-2023,88.2,88.36,86.5,290,-0.07,77.39,94.25517,1337.09,21.02533369,2.664
08-02-2023,87.2,88.96,86.7,140,-0.35,78.69,93.800131,1336.46,21.75508015,2.477
09-02-2023,87.6,89.92,87.23,530,1.03,78.27,95.002864,1349.63,22.1937358,2.492
10-02-2023,88,90.44,88,1210,2.2,79.92,96.5447,1340.39,22.57533352,2.607
13-02-2023,90.1,90.63,89,240,-1.21,80.33,95.7832,1354.91,22.59194459,2.499
14-02-2023,90.25,90.25,87.24,750,-0.82,79.24,95.13357,1354.57,22.39386246,2.652
15-02-2023,88.51,91.58,88.1,2060,3.26,78.83,97.815039,1367.94,22.20560593,2.555
16-02-2023,91.68,95.13,91.68,560,3.96,78.74,101.484684,1375.1,21.88473834,2.485
17-02-2023,94.95,95.42,92.55,600,-1.89,76.55,99.807102,1366.91,21.25345498,2.352
20-02-2023,94.63,96.7,93.96,680,1.91,77.3,101.596502,1365.3,19.38310843,2.324
21-02-2023,95.43,97.99,94,530,2.11,76.36,103.393952,1358.19,18.92730712,2.177
22-02-2023,97.12,97.12,93.36,260,-3.78,74.19,99.066345,1355.19,18.81014625,2.298
23-02-2023,93.47,94.98,93.26,800,0.42,75.6,99.42348,1358.05,18.87252687,2.432
24-02-2023,94.93,96.03,94.1,240,1.01,76.47,99.965534,1336.64,19.22601651,2.548
27-02-2023,95.64,96.94,95.31,550,2.23,75.81,102.78183,1355.47,20.63603303,2.853
28-02-2023,96.9,97.2,95.88,1010,-1.05,77.19,101.402688,1349.62,21.11859375,2.863
01-03-2023,96.1,96.26,93.52,390,-2.17,77.83,100.0377,1344.02,21.52305265,2.943
02-03-2023,94.77,95,89.87,400,-3.94,78.31,95.46996,1354.51,21.94569222,2.899
03-03-2023,90,90.17,88.47,710,-0.92,79.79,94.911864,1365.25,22.53849553,3.141
06-03-2023,90.5,91.35,89.05,520,0.77,80.56,96.059288,1367.27,23.63308711,2.73
07-03-2023,91.12,93.59,91.11,1280,3.23,77.72,97.949989,1356.72,23.47796427,2.84
08-03-2023,93.52,95.73,93.5,3120,2.04,76.81,99.914944,1356.36,23.1542454,2.713
09-03-2023,95.75,96.64,93.86,1560,0.68,75.84,100.9332,1353.1,22.60627121,2.683
10-03-2023,95.53,96.93,95.3,2420,1.5,76.78,103.056169,1337.47,21.85304863,2.559
13-03-2023,96.3,96.3,92.37,2060,-3.97,74.91,99.768971,1303.23,19.36379709,2.726
14-03-2023,92.91,93.54,89.55,1150,-3.51,71.49,96.298236,1324.28,18.64927068,2.69
15-03-2023,90.36,91.23,86.53,1930,-3.43,67.74,91.632375,1281.21,18.37809459,2.546
16-03-2023,88.3,88.3,83.71,2790,-1.59,68.52,90.428835,1302.93,18.01502686,2.626
17-03-2023,85.68,87.07,83.43,640,0.35,66.93,91.268962,1289.39,17.78035867,2.446
20-03-2023,83.7,86,82.13,2390,-0.46,67.82,91.304442,1303.56,18.28506846,2.331
21-03-2023,86.16,88.4,85.69,2190,2.58,69.67,94.082046,1319.26,18.53332473,2.485
22-03-2023,87.1,87.68,85.5,2030,-0.86,71.02,94.036865,1325.34,17.89433747,2.307
23-03-2023,87.45,90.4,87.45,1510,4.1,70.12,97.66494,1329.53,17.46249866,2.283
24-03-2023,89.96,91.02,84.18,1110,-5.3,69.41,91.88186,1307.7,17.07559645,2.361
27-03-2023,88.02,89.19,86.73,13640,3.2,72.93,95.145148,1316.25,16.26536997,2.215
28-03-2023,87.62,90.56,87.62,15630,1.44,73.34,96.93642,1317.69,16.32364829,2.147
29-03-2023,89.47,91.1,89.33,12360,0.69,73.12,97.608686,1337.57,16.62214544,2.184
30-03-2023,90.43,91.76,89.55,15570,0.87,74.49,98.98108,1350.53,16.70039687,2.358
31-03-2023,90.93,92.89,90.71,14190,1.05,75.8,99.447825,1360.26,16.86153251,2.465
03-04-2023,91.75,96.16,91.69,15340,4.63,80.44,104.592,1365.46,17.09088154,2.333
04-04-2023,96,97.35,94.63,15770,-1.06,80.72,104.022096,1363.6,17.22280702,2.344
05-04-2023,94.97,98,94.78,17830,2.14,80.63,105.770003,1357.46,17.64687535,2.381
06-04-2023,97,97.9,96,12460,-0.27,80.68,105.651,1359.08,18.16846234,2.238
11-04-2023,96.75,98.43,96.72,12460,0.74,81.49,106.33977,1367.95,17.21937821,2.351
12-04-2023,97.53,98.21,95.09,16890,-1.23,83.09,105.791103,1363.78,16.60729414,2.267
13-04-2023,96.15,96.5,93.1,14930,-1.95,82.04,104.244316,1376.31,16.34655458,2.197
14-04-2023,94.39,94.99,93.16,11550,-0.3,82.43,103.521,1381.52,16.42077681,2.305
17-04-2023,94.14,94.75,92.16,11400,-1.28,80.83,101.513466,1378.38,17.16954218,2.444
18-04-2023,92.98,95.6,92.33,14370,2.41,80.9,104.389065,1383.42,17.41360769,2.517
19-04-2023,95.3,96.47,94.18,12800,-0.8,79.24,103.394806,1383.21,17.43832456,2.395
20-04-2023,94.45,94.66,91.18,18420,-2.81,77.37,100.611258,1382.56,17.49097103,2.427
21-04-2023,91.95,92.41,89.25,16350,-2.05,77.71,98.729182,1387.71,17.23978995,2.408
24-04-2023,90.11,90.11,87.59,17790,-1.45,78.6,97.779096,1386.4,16.46548191,2.471
25-04-2023,88.58,88.91,86.53,20940,-1.98,76.87,95.247932,1376.87,16.52165724,2.437
26-04-2023,86.9,87,85.16,19490,-0.66,74.19,95.20896,1365.77,16.79954298,2.305
27-04-2023,85.94,87.9,85.4,18540,0.51,74.58,95.582036,1368.7,16.8528678,2.548
28-04-2023,86.49,88.11,86.13,11920,1.12,76.61,96.5903,1372.9,16.93122976,2.578
01-05-2023,87.39,88.36,85.5,4520,-2.3,75.51,93.978925,1353.22,16.65925731,2.498
02-05-2023,85.66,90.82,85.42,21010,3.37,71.55,97.363148,1353.22,16.62998051,2.417
03-05-2023,89,89.35,84,24910,-3.81,68.55,94.167385,1355.39,16.31173746,2.36
04-05-2023,85.29,85.71,83.25,17530,-0.76,68.51,93.04295,1350.26,15.97513441,2.297
05-05-2023,84.66,86.9,84.3,12000,0.54,71.27,93.600432,1368.82,15.80992937,2.321
08-05-2023,85,85.99,84.5,6330,0.74,73.07,94.183236,1372.87,16.15443212,2.412
09-05-2023,85.57,87.75,85.2,14240,2.24,73.62,95.91096,1363.1,15.95470708,2.427
10-05-2023,87.69,89.75,87.2,16360,1.77,72.52,97.78788,1360.26,16.06076358,2.336
11-05-2023,89.22,90.12,87.68,16420,-0.55,70.88,96.665298,1360.84,16.3830163,2.345
12-05-2023,88.54,89.67,88.14,9380,0.41,70.02,96.471264,1366.85,16.45805288,2.438
15-05-2023,88.5,89.19,86.13,15990,-2.01,71.09,94.738608,1369.54,16.3714372,2.542
16-05-2023,87.14,89.2,86.66,13110,2.05,70.84,96.586873,1366.42,16.28514844,2.534
17-05-2023,88.77,89.75,87.55,11440,-1,72.89,95.426556,1366.81,16.14040992,2.509
18-05-2023,88.49,90.21,87.92,9130,1.83,71.94,96.544085,1374.47,15.75586308,2.715
19-05-2023,89.66,91.24,89.33,12790,-0.25,71.69,96.602286,1380.62,15.52834192,2.707
22-05-2023,89.43,89.71,86.77,15350,-2.44,72.05,94.325975,1378.99,14.76955895,2.551
23-05-2023,87.4,87.72,85.36,16120,-1.66,72.85,92.38944,1366.47,14.59455097,2.489
24-05-2023,85.81,86.26,84.55,13800,-1.18,74.29,91.132292,1344.5,14.59742224,2.566
25-05-2023,85.03,85.15,82.63,20740,-2.55,71.93,88.571097,1340.95,14.55580592,2.476
26-05-2023,82.75,83.37,81.94,14760,0.61,72.76,89.148612,1357.77,14.38498659,2.417
29-05-2023,83.01,84.46,82.67,4740,-0.16,72.87,88.8515,1353.39,14.24561361,2.349
30-05-2023,83.05,83.34,80.36,24550,-3.16,69.6,86.271854,1338.14,14.22319617,2.416
31-05-2023,80.45,81.97,79.32,21920,0.49,68.24,86.326976,1318.32,13.99533566,2.358
01-06-2023,80.78,81.1,78.47,22480,-2.25,70.2,84.958095,1328.3,14.03100665,2.273
02-06-2023,78.95,80.47,78.52,15520,-0.54,71.84,84.063512,1351.29,14.06613612,2.299
05-06-2023,79.05,83.25,78.01,23970,5.53,72.26,88.759632,1342.41,14.33815007,2.366
06-06-2023,83,83.48,80.28,17910,-1.47,71.85,87.281324,1343.27,14.49481686,2.381
07-06-2023,81.64,84.19,80.1,18610,2.72,72.64,89.705042,1344.06,14.81798903,2.433
08-06-2023,83.99,84.95,82.63,15100,-0.61,71.44,89.859635,1346.99,14.3195091,2.434
09-06-2023,83.75,87.3,83.5,17410,3.35,70.33,92.574658,1345.81,14.26673314,2.331
12-06-2023,86.75,88.46,84.88,17450,2.41,67.29,94.898254,1350.48,14.09677151,2.336
13-06-2023,88,91.03,86.91,30350,2.83,69.58,97.895952,1361.51,14.2002382,2.407
14-06-2023,90.46,93.99,89.91,28120,3.2,68.46,101.399822,1368.32,14.14534193,2.413
15-06-2023,93.51,95.18,91.51,29190,-0.74,70.81,101.711885,1365.99,14.35729601,2.609
16-06-2023,92.92,93.18,90.5,19810,-1.09,71.93,100.496136,1376.19,14.69833752,2.721
19-06-2023,91.7,93.65,90.3,15150,1.43,71.31,101.825806,1363.98,15.17418496,2.643
20-06-2023,93.09,96,92.85,23510,1.37,71.19,103.167116,1355.81,15.40057252,2.57
21-06-2023,94.41,95.4,90.39,27350,-3.87,72.52,99.78964,1350.64,15.60358913,2.677
22-06-2023,90.2,91.2,88.33,18310,0.11,69.63,99.64482,1344.4,15.71867996,2.704
23-06-2023,90.9,90.9,87.55,14050,-3.74,69.32,95.333195,1334.61,15.61993231,2.843
26-06-2023,87.69,89.65,85.89,16580,-1.21,69.54,94.308696,1338.25,15.25933379,2.892
27-06-2023,86.49,89.17,85.8,14660,3.01,67.9,97.633731,1344.32,15.32430771,2.789
28-06-2023,89.67,89.7,86.98,13960,-0.99,69.73,96.245931,1356.63,15.51136147,2.668
29-06-2023,87.34,88.82,87.24,12330,-0.09,70.02,95.744432,1361.13,15.41492019,2.691
30-06-2023,88.1,89.61,87.11,12880,1.63,70.78,97.72087,1373.75,15.48032975,2.774
03-07-2023,89.12,89.83,87.18,13060,-2.22,69.91,95.558538,1376.2,15.01579498,2.702
04-07-2023,87.41,88.1,86.68,10260,0.13,71.06,95.380413,1376.01,14.6573095,2.751
05-07-2023,87.06,87.32,85.71,15080,-2.14,71.88,93.112431,1364.28,13.95818015,2.643
06-07-2023,85.7,86.45,85.33,14120,0.56,71.79,93.943923,1326.45,13.69317993,2.599
07-07-2023,86.05,87.85,85.83,12120,-0.16,73.77,94.480705,1332.9,13.44529761,2.57
10-07-2023,86.16,87.17,85.48,12700,0.13,72.95,94.877374,1337.93,14.3096804,2.641
11-07-2023,86.34,87.22,85.11,15210,0.92,74.71,95.80723,1348.98,14.5172107,2.692
12-07-2023,87.03,88.32,85.68,15760,-1.4,75.54,95.511624,1370.87,14.73358319,2.597
13-07-2023,85.86,86.96,85.32,11320,0.06,76.76,96.391712,1380.12,14.8998025,2.534
14-07-2023,85.82,87.65,85.82,10620,0.55,75.32,96.945145,1381.4,14.96522271,2.53
17-07-2023,85.93,86.81,85.18,12730,0.5,74.08,97.488652,1370.22,14.49821902,2.504
18-07-2023,86.78,88.32,86.25,14990,1.61,75.66,98.990868,1374.73,14.59694243,2.618
19-07-2023,88.1,89.4,87.05,15480,0.91,75.29,99.639804,1377.67,14.8294456,2.585
20-07-2023,88.95,91.24,88.75,17570,2.09,75.65,101.086752,1381.64,14.87496858,2.731
21-07-2023,90.8,92.3,90.33,14120,1.08,76.78,102.131386,1388.49,15.04715251,2.707
24-07-2023,91.82,92.59,90.53,14370,-0.58,78.4,100.984998,1387.25,15.2038214,2.688
25-07-2023,91.25,92.52,91.14,14270,1.15,79.2,102.063402,1390.51,14.98958127,2.747
26-07-2023,92.32,93.5,90.34,16550,-1.7,78.4,100.600391,1375.22,14.63754674,2.693
27-07-2023,90.79,91.28,89.23,15510,0.17,79.63,99.766516,1401.48,14.33175606,2.595
28-07-2023,90.92,90.92,88.16,16240,-2.44,80.18,97.70305,1400.61,14.12863345,2.753
31-07-2023,88.34,89.42,86.37,15970,-2.13,81.32,95.430233,1401.34,13.85893315,2.741
01-08-2023,86.85,87.83,84.4,22390,-2.52,80.92,92.929684,1387.71,13.52276096,2.672
02-08-2023,84.65,84.99,83.01,21260,-1.68,79.13,90.98752,1367.78,13.14747539,2.586
03-08-2023,83.23,85.8,83.1,16350,1.45,81.08,92.378304,1361.19,12.86724375,2.67
04-08-2023,84.99,85.63,83.3,11730,-1.18,82.27,91.83441,1369.69,12.69469457,2.681
07-08-2023,83.55,84.56,82.56,13370,-0.92,81.49,90.920528,1368.68,12.41988424,2.813
08-08-2023,82.7,84.47,82.31,14580,1.61,82.36,91.980738,1357.32,12.23659537,2.864
09-08-2023,84.34,85.82,83.5,17020,-0.08,83.69,92.06347,1367.55,12.44412944,3.053
10-08-2023,84.24,85.21,83.03,12820,0.77,82.29,92.827445,1382.88,12.64398716,2.87
11-08-2023,84.9,86.92,84,10940,2.66,82.57,94.99392,1364.89,12.5744489,2.882
14-08-2023,86.57,88.13,86,13260,1.32,81.92,95.90068,1365.27,12.77827773,2.898
15-08-2023,88.23,88.6,86.7,13020,-1.23,80.5,94.723048,1354.34,12.78766516,2.781
16-08-2023,87.64,88.89,87.35,15600,1.97,79.02,96.321892,1350,12.86887482,2.726
17-08-2023,88.6,89.87,87.7,15800,0.3,79.9,96.588835,1334.39,12.8919906,2.755
18-08-2023,88.68,89.09,87.27,12860,-0.9,80.66,95.666325,1328.59,12.97208155,2.691
21-08-2023,88.62,88.7,86.86,11650,-0.23,80.12,95.677435,1333.45,13.72134101,2.743
22-08-2023,87.85,90.39,87.76,19570,2.46,79.64,97.606844,1343.19,14.63314641,2.652
23-08-2023,89.96,90.23,87.35,19870,-2.23,78.59,95.5592,1344.41,14.9228696,2.592
24-08-2023,87.35,87.35,85.1,18770,-3.17,78.66,92.103489,1336.13,15.41490066,2.636
25-08-2023,85.06,86.42,84.5,13460,0.05,79.49,92.07,1337.97,15.84328338,2.657
28-08-2023,85.4,86.5,84.79,8130,0.41,79.67,92.59352,1354.95,16.19173749,2.665
29-08-2023,85.72,86.49,84.52,12480,-0.7,80.68,92.4545,1364.33,15.88841766,2.662
30-08-2023,84.91,86.63,84.64,13340,1.18,81.12,93.9464,1361.81,15.671945,3.181
31-08-2023,86.1,87.28,85.58,11310,0.03,82.96,93.265123,1355.74,15.30473609,3.147
01-09-2023,86.03,86.32,85,11950,-0.45,84.75,92.259972,1355.17,15.1991813,3.111
04-09-2023,85.63,85.63,83.75,13970,-1.82,85.82,90.755952,1353.83,15.00811858,2.647
05-09-2023,84.18,84.81,83.6,16540,-0.2,86.01,89.95152,1350.68,14.95984083,2.991
06-09-2023,83.95,84.81,83.11,15690,-0.25,86.79,89.78499,1341.24,15.04413062,2.943
07-09-2023,83.67,84.28,82.67,16850,-0.49,86.15,89.111971,1335.53,15.16310929,2.958
08-09-2023,83.52,84,81.28,17110,-2.01,86.81,87.325238,1340.38,15.19471786,2.966
11-09-2023,81.79,82.51,81.36,13800,0.13,86.66,87.843404,1345.71,15.80061573,2.937
12-09-2023,81.85,82.41,80.98,17500,-0.75,88.16,87.220224,1341.34,16.17803882,3.015
13-09-2023,81.25,83.83,80.57,22490,3.25,87.88,89.857728,1335.91,16.40771639,2.987
14-09-2023,83.71,84.07,82.45,14480,-0.99,89.61,88.245813,1354.33,16.6806081,2.983
15-09-2023,82.88,84.09,81.86,14310,-1,90.02,87.47755,1359.14,16.74441825,2.932
18-09-2023,82.18,82.65,80.74,16520,-1.49,90.58,86.46072,1343.85,16.08741945,3.001
19-09-2023,80.97,81.69,80.55,12940,0.52,90.48,86.80401,1345.39,15.53472918,3.026
20-09-2023,81.6,82.97,80.51,18190,1.8,89.66,88.213884,1352.86,15.03218454,2.921
21-09-2023,82.7,84.61,81.7,16170,2.02,88.32,89.985494,1335.02,14.66942092,2.84
22-09-2023,83.94,86.05,83.65,18470,1.03,88.35,90.86156,1331.82,14.52460132,2.879
25-09-2023,85.95,85.95,84.77,14090,-0.48,88.17,89.89851,1320.49,14.66222437,2.906
26-09-2023,84.99,85.13,82.51,16300,-2.8,88.78,87.21307,1310.55,15.0337656,2.845
27-09-2023,83,83.05,81.61,14840,-0.79,91.3,85.953,1312.13,15.35069315,2.899
28-09-2023,81.83,83.24,81.82,11320,1.53,89.59,87.755849,1317.92,15.37972657,3.34
29-09-2023,83,83.24,81.42,11380,-2,88.8,86.09265,1323.71,15.29256187,3.312
02-10-2023,81.42,81.66,80.62,14760,-0.92,87.17,84.54132,1310.08,15.56643661,3.233
03-10-2023,80.7,80.91,79.52,23910,-1.12,87.44,83.5107,1295.75,15.04995725,3.313
04-10-2023,79.87,82.39,79.56,20900,2.53,82.55,85.935546,1294.31,14.93103809,3.32
05-10-2023,81.85,82.37,80.3,15010,-1.17,80.81,85.291128,1295.87,15.12950136,3.511
06-10-2023,80.85,81.15,80,12050,-0.3,81.28,85.344332,1305.88,15.18678947,3.641
09-10-2023,80.65,81.96,80,16510,1.25,84.6,86.242095,1304.03,15.48976729,3.631
10-10-2023,81.87,85.06,81.6,26150,3.81,84.13,89.849822,1330.16,16.12065557,3.659
11-10-2023,84.68,85.03,83.5,21430,-1.13,82.07,88.949226,1323.6,16.06192066,3.658
12-10-2023,83.78,85.69,83.5,16720,1.99,81.8,89.94467,1324.39,16.16231291,3.639
13-10-2023,85.23,86.6,84.73,22820,0.25,86.35,90.020094,1309.15,15.9674204,3.584
16-10-2023,85.58,85.93,82.99,18290,-2.63,85.26,88.064278,1313.73,16.29585258,3.479
17-10-2023,83.29,83.66,81.45,16430,-0.91,85.44,87.402375,1314.38,16.52621971,3.468
18-10-2023,82.61,83.35,81.52,15860,-1.04,87.27,86.165765,1302.51,16.81029922,3.463
19-10-2023,81.7,82.24,80.84,17070,0.26,88.37,86.7478,1293.2,16.70864108,3.326
20-10-2023,81.98,82.5,81.05,15050,-0.4,88.08,86.513031,1274.5,16.88539655,3.258
23-10-2023,81.39,81.5,80.06,17530,-1.68,84.42,85.66404,1278.93,16.86586348,3.273
24-10-2023,80.26,81.34,80.21,17180,0.45,82.97,85.402808,1286.11,16.84592503,3.322
25-10-2023,80.74,80.98,79.75,18430,-0.91,84.69,84.430059,1286.38,17.09764863,3.376
26-10-2023,79.94,80.71,79.49,18950,-0.44,82.54,84.03648,1281.47,17.41912384,3.477
27-10-2023,79.64,80.36,79.3,15860,-0.28,84.7,83.835904,1270.18,17.80795379,3.483
30-10-2023,79.45,80.98,78.48,24810,-0.73,81.68,83.609214,1274.02,17.20379763,3.589
31-10-2023,78.65,79.5,78.15,21720,0.8,80.5,83.984016,1286,16.84273221,3.813
01-11-2023,79.4,80.16,78.37,19680,-0.94,80.1,83.127888,1294.67,16.00081988,3.753
02-11-2023,78.35,79.2,76.24,34240,0.51,82.16,83.96172,1316.95,15.35312653,3.75
03-11-2023,78.61,79.7,77.1,19750,-2.35,80.23,82.82788,1318.73,14.94442514,3.795
06-11-2023,77.48,77.48,75.6,18330,-1.71,80.6,81.30542,1315.23,14.90285566,3.564
07-11-2023,75.71,76.5,74.86,21350,-0.69,77.21,80.627664,1308.06,15.05296076,3.463
08-11-2023,75.28,76.38,74.84,19630,0.05,75.31,80.73078,1310.55,15.70522313,3.389
09-11-2023,75.65,77.69,75.19,22230,2.52,75.75,82.44818,1323.78,16.23743658,3.333
10-11-2023,77.69,78.85,76.29,18970,1.55,77.15,83.84585,1317.17,16.66926981,3.284
13-11-2023,78.5,78.92,76.17,19750,-1.86,78.19,82.409688,1329.06,17.91471365,3.4
14-11-2023,77.39,79.09,76.6,19810,1.99,78.17,85.476303,1342.78,17.71410961,3.316
15-11-2023,78.57,80.27,78.57,20260,1.57,76.79,86.55108,1347.81,17.87505928,3.362
16-11-2023,79.8,79.89,76.49,23120,-3.26,73.09,83.762,1336.09,18.27046545,3.239
17-11-2023,77.09,77.68,76.02,15960,-1.26,76.04,83.144061,1347.96,18.74739435,3.131
20-11-2023,76.63,77.8,76.15,15540,0.56,77.83,83.850708,1350.41,18.64965697,3.05
21-11-2023,76.61,76.71,75.08,16440,-1.89,77.92,82.046589,1345.24,19.39893988,2.993
22-11-2023,75.37,76.2,74.88,18870,-0.15,77.25,81.76137,1347.49,19.78784803,3.033
23-11-2023,75.3,77.22,74.88,20680,1.96,76.34,83.491928,1352.79,19.31448226,2.93
24-11-2023,76.68,77.19,76,13700,-0.14,75.77,83.639594,1358.23,18.81374828,2.999
27-11-2023,76.34,76.5,72.79,28360,-4.43,75.09,80.033571,1352.9,20.66468407,2.946
28-11-2023,73.04,73.71,72.01,23920,-0.78,76.59,79.6775,1350.84,21.0424069,2.837
29-11-2023,72.33,73.25,70.56,28530,-2.37,77.99,77.631504,1352.75,21.58321571,2.769
30-11-2023,70.55,71.71,70.44,26250,-0.31,76.05,76.811616,1357.44,22.77948724,2.763
01-12-2023,70.79,73.13,70.57,21530,2.68,74.25,78.832845,1367.83,23.76129592,2.773
04-12-2023,72.03,72.08,70.15,31640,-2.79,73.32,76.317948,1363.48,24.53668853,2.651
05-12-2023,70.72,70.88,68.42,30660,-2.16,72.53,74.388345,1369.97,24.49920809,2.667
06-12-2023,69.11,70,68.37,23020,0.07,69.65,74.214752,1376.39,24.42276214,2.517
07-12-2023,68.86,70.19,68.65,22520,1.46,69.59,75.511624,1375.49,24.03545198,2.52
08-12-2023,70,70.76,68.45,22240,-1.93,71.44,73.841982,1388.16,23.50161173,2.504
11-12-2023,68.5,68.5,66.26,29080,-1.87,71.56,72.464574,1391.9,21.05954432,2.35
12-12-2023,67.3,68.6,66.88,23040,1.34,68.85,73.644608,1390.29,20.6102604,2.24
13-12-2023,68.21,69.98,68.01,26590,0.94,69.72,74.893224,1388.3,20.04877402,2.292
14-12-2023,69.12,70.16,65.99,23650,-3.12,71.91,73.342943,1399.95,19.87777165,2.347
15-12-2023,66.76,67.82,66.22,12690,1.26,71.78,73.610758,1401.8,19.81173235,2.425
18-12-2023,68.26,71.38,67.03,4270,3.02,72.82,76.028042,1396.76,19.82606164,2.416
19-12-2023,69.99,69.99,68.75,1040,0.22,73.94,76.59648,1400.18,19.56476206,2.366
20-12-2023,69.75,73.55,69.75,1450,4.93,74.45,80.06616,1399.76,19.10406038,2.347
21-12-2023,73.5,76.42,73.5,820,3.66,74.06,83.528704,1395.62,18.20998076,2.459
22-12-2023,75.88,77.08,75,450,1.4,73.73,84.71094,1396.21,17.42143249,2.49
27-12-2023,77.27,78.57,77.08,960,1.04,74.34,86.314722,1400.14,14.311721,2.437
28-12-2023,77.69,78.02,76.98,940,0.26,71.97,86.193846,1394.89,14.09986812,2.377
29-12-2023,78,78.61,77.28,690,0.05,71.84,86.058728,1395.52,14.01907212,2.327
02-01-2024,78.17,78.22,73.04,690,-4.99,70.62,81.106323,1395.11,14.51858661,2.386
03-01-2024,74.2,75.58,74.2,210,1.8,72.89,82.366182,1380.98,14.44977224,2.448
04-01-2024,75.45,76.1,73.1,1390,-2.17,72.36,80.737454,1389.78,14.87136333,2.559
05-01-2024,73.32,74.54,73.18,380,0.26,73.86,80.930577,1387.65,15.41002804,2.621
08-01-2024,73.68,73.75,69.89,780,-5.42,70.92,76.599204,1388.91,18.03426319,2.598
09-01-2024,69.5,70.73,69.25,480,-0.09,72.29,76.40769,1386.25,19.47712432,2.697
10-01-2024,70.3,70.5,67.47,750,-3.12,71.44,74.295612,1382.54,20.99112769,2.562
11-01-2024,67.67,67.7,65.2,1060,-2.6,72.09,72.35812,1377.33,22.07414387,2.54
12-01-2024,66.93,66.93,63,510,-3.27,72.79,69.85462,1390.45,22.90667719,2.617
15-01-2024,66,67.46,64.61,22190,4.86,72.79,73.24212,1384.34,23.1911042,3.066
16-01-2024,66.98,67.4,65.05,22430,-2.11,72.52,71.213826,1381.83,22.99497474,2.477
17-01-2024,65.39,66.07,62.86,25630,-3.33,72.48,68.887611,1367.96,22.60916306,2.496
18-01-2024,63.09,64.13,62.5,18190,-0.05,73.95,68.810672,1381.31,22.21078611,2.413
19-01-2024,63.37,64.23,62.93,15140,0.22,73.25,69.108774,1379.9,21.85155234,2.252
22-01-2024,63.03,63.03,60.86,21640,-1.59,74.76,67.908321,1388.04,20.77383774,2.125
23-01-2024,62,63.8,61.6,20280,1.38,74.27,68.654277,1385.89,19.88546542,2.167
24-01-2024,63.36,66.1,63.16,25090,4,74.98,71.61014,1406.94,18.97918973,2.262
25-01-2024,66.43,66.43,62.9,25610,-3.63,77.19,68.774486,1413.13,18.36817362,2.18
26-01-2024,63.15,65.03,62.1,21960,-0.49,77.86,68.47612,1421.09,17.7263504,2.175
29-01-2024,63.6,64.06,61.58,22580,-2.11,76.67,66.915441,1422.1,17.3800937,2.054
30-01-2024,61.63,64.02,61.3,22870,3.64,77.65,69.39768,1426.39,17.62017497,2.104
31-01-2024,63.92,65.14,62.94,21320,0.59,75.71,69.65504,1424.37,18.00726836,2.121
01-02-2024,64.16,64.87,62.1,22150,-3.23,73.79,67.754304,1418.98,18.2290177,2.064
02-02-2024,62.05,64.37,61.9,17960,1.89,72.3,68.4784,1416.46,18.31243255,2.086
05-02-2024,63.8,64.31,62.07,19160,-1.43,72.85,67.227919,1417.34,17.63362641,2.074
06-02-2024,62.79,63.97,62,19280,1.44,73.37,68.277146,1428.74,17.30045333,2.007
07-02-2024,63.35,63.68,62.25,17670,-1.84,73.91,67.124872,1425.04,17.37804984,1.98
08-02-2024,62.5,62.5,60.27,26070,-2.58,76.19,65.421096,1431.64,17.48534738,1.948
09-02-2024,60.5,60.5,58.2,26390,-3.15,76.77,63.39816,1436.39,17.47919891,1.885
12-02-2024,58.64,58.8,56.59,24580,-2.72,76.82,61.61012,1442.11,18.40236299,1.8
13-02-2024,57.2,57.89,55.65,23800,-0.96,77.56,60.666485,1427.38,18.77066992,1.742
14-02-2024,56.43,57.57,55.41,23610,-0.37,76.36,60.5319,1432.11,18.63006997,1.665
15-02-2024,56.44,59.05,56.13,28070,2.68,77.59,62.417945,1440.41,18.32052454,1.647
16-02-2024,57.95,58.21,56.29,20130,-1.45,78.46,61.530314,1447.13,18.2467914,1.68
19-02-2024,57.11,57.11,52.9,29610,-6.95,78.11,57.268978,1445.12,17.8351029,1.558
20-02-2024,53.5,55.04,51.86,30450,2.01,77.04,58.563063,1441.72,17.64882365,1.646
21-02-2024,54.05,54.98,53.28,18580,0.55,77.31,58.963467,1445.06,17.43665826,1.863
22-02-2024,54.48,54.48,52.37,22360,-3.52,77.93,56.918157,1462.92,17.21528658,1.832
23-02-2024,52.9,53.01,51.12,26230,-0.15,76.08,56.805318,1467.12,17.20692447,1.699
26-02-2024,52.11,54.52,51.55,23890,2.51,77.09,58.389401,1460.28,17.61107451,1.744
27-02-2024,53.76,56.14,52.45,30420,3.96,78.23,60.683024,1464.91,17.99427716,1.808
28-02-2024,56.21,58.87,55.45,38360,2.23,77.83,61.992756,1462.67,18.46878469,2.052
29-02-2024,57.53,57.81,55.25,27040,-1.35,77.45,60.972132,1459.2,18.90497451,2.008
01-03-2024,56.5,56.84,55.08,22850,-0.23,79.09,61.023147,1467.75,18.90497451,1.975
04-03-2024,56.4,57.77,53.5,33980,1.72,78.17,62.171712,1471.15,19.05552713,2.073
05-03-2024,57.28,61.23,56.73,48660,4.75,77.41,65.13,1469.72,19.23179699,2.095
06-03-2024,60.25,62.8,58.09,44520,-2.02,78.41,64.063463,1478.07,19.50102957,2.072
07-03-2024,58.79,61.09,57.4,36110,1.11,78.32,65.063024,1490.95,19.84630189,1.952
08-03-2024,59,60.2,57.8,22800,-1.58,77.5,63.98145,1487.47,19.80475662,1.923
11-03-2024,58.22,58.24,55.8,28030,-4.05,77.53,61.327638,1479.08,19.31936661,1.862
12-03-2024,56.26,57.08,55.24,26900,1.55,77.25,62.2668,1491.54,19.16330257,1.823
13-03-2024,56.86,57.9,55.65,23400,-1.98,79.3,61.155302,1495.66,18.80503534,1.784
14-03-2024,55.85,59.18,55.08,30350,5.24,80.74,63.98028,1494.29,18.51104884,1.862
15-03-2024,58.9,60.25,58.14,27060,0.99,80.58,64.647006,1492.53,18.15097614,1.789
18-03-2024,59.5,62.32,59.5,33590,3.44,82.16,66.769682,1494.49,18.01800927,1.833
19-03-2024,61.3,62.87,59.65,26860,-0.18,82.73,66.613315,1503.42,17.76949518,1.876
20-03-2024,61.3,61.46,59.99,21680,-2.12,81.27,65.518918,1501.71,17.71614233,1.845
21-03-2024,60.04,60.26,58.8,22930,-1.07,80.64,64.47582,1516.35,17.63364836,1.831
22-03-2024,59.1,62.06,58.8,24380,3.59,80.17,66.45075,1515.1,17.69886898,1.812
25-03-2024,61.69,65.49,61.68,33710,5.43,81.38,70.260624,1518.73,17.50854515,1.789
26-03-2024,64.45,65.74,62.16,33890,-2.84,81.04,68.229,1523.29,17.31759615,1.788
27-03-2024,62.5,63.31,61.08,22310,-0.62,80.78,67.781586,1524.88,16.85713018,1.953
28-03-2024,62.5,62.89,61.32,27640,-1.09,82.42,66.803891,1526.34,16.43612247,1.997
02-04-2024,61.22,61.5,58.56,27640,-4.89,84.22,63.42352,1521,14.22182957,2.105
03-04-2024,59.29,59.43,56.91,23140,-2.29,84.61,62.355425,1531.46,14.22011008,2.067
04-04-2024,57.5,59.24,57.1,22260,1.46,85.81,63.265565,1529.9,14.28058286,1.997
05-04-2024,58.87,61.15,58.26,25370,4.49,86.1,66.104335,1520.1,14.31938123,2.01
08-04-2024,60.72,63.77,59.69,32010,3.9,85.53,68.828862,1530.97,14.35071879,2.051
09-04-2024,63.39,64.64,62.53,27840,0.9,84.46,69.42858,1520.05,14.232868,2.064
10-04-2024,63.82,65.07,62.3,25550,-1.74,85.44,67.51347,1524.45,14.10240115,2.074
11-04-2024,62.98,68.92,62.81,47860,9.51,84.45,73.813292,1518.09,13.99709108,2
12-04-2024,68.6,71.81,68.07,46290,4.08,85.08,76.239288,1521.43,13.97170794,2.029
15-04-2024,71.55,71.64,69.12,29520,-2.07,84.86,74.523952,1521.47,13.89864558,1.946
16-04-2024,70.26,74.9,69.87,36630,5.83,84.83,78.831225,1501.87,14.12279759,1.988
17-04-2024,74.13,74.48,69.24,37880,-5.28,82.15,75.049143,1494.71,14.5529493,1.962
18-04-2024,69.9,72.22,68.15,31330,1.73,82.1,76.150665,1500.8,15.08792966,1.986
19-04-2024,72.57,73.3,68.13,28400,-4.23,82.22,73.001208,1495.88,15.47125101,1.988
22-04-2024,68,68.19,66.02,25670,-3.09,81.9,70.74256,1502.71,17.30200527,2.065
23-04-2024,66.39,67.21,65.34,22880,-0.03,82.56,71.019962,1518.62,17.94913211,2.094
24-04-2024,66.25,67.45,64.8,22730,0.71,82.09,71.509445,1515.77,18.13849738,1.979
25-04-2024,67,69.92,66.54,27090,2.33,82.75,73.397089,1504.93,18.37584335,1.986
26-04-2024,68.21,69.2,66.57,18840,-1.32,83.13,72.181692,1519.43,18.82394355,1.923
29-04-2024,67,67.35,65.01,18420,-2.53,82.03,70.53102,1518.59,17.62640005,2.373
30-04-2024,65.95,69.6,65.38,26240,5.17,81.28,73.8018,1503.61,16.67649372,2.319
01-05-2024,69.19,69.26,67.35,12260,-1.86,78.44,72.724819,1496.99,15.47577728,2.266
02-05-2024,67.88,73.18,67.25,38250,7.04,78.48,77.960025,1496.99,14.49299811,2.331
03-05-2024,72.69,74.55,71.45,25960,-1.17,77.76,77.285472,1504.86,13.76574182,2.416
06-05-2024,71.74,74.49,71.52,18250,2.55,78.14,79.327856,1515.93,13.77614651,2.463
07-05-2024,73.25,74.3,70.57,31160,-3.83,78.06,76.17792,1528.47,14.21776294,2.471
08-05-2024,71.03,72.7,69.61,21900,1.51,78.56,77.27804,1534.38,14.97246367,2.474
09-05-2024,71.4,74.08,71.13,14640,2.36,78.8,79.369722,1541.34,15.0815801,2.537
10-05-2024,73.5,75.5,71.28,22200,-2.76,77.84,77.095271,1552.63,15.05556636,2.484
13-05-2024,71.33,71.49,68.75,24980,-2.12,78.6,75.591516,1551.25,14.41786555,2.587
14-05-2024,70.02,71.32,69.02,15410,0.04,77.65,75.83418,1551.56,14.00616752,2.559
15-05-2024,70.2,71.83,69.09,22110,-1.3,78.16,75.292558,1557.64,13.722483,2.631
16-05-2024,69.09,71.27,68.88,19430,2.31,78.74,76.913335,1554.53,13.82745655,2.687
17-05-2024,70.5,71.52,69.6,19400,-0.38,79.58,76.65524,1552.83,13.94953153,2.789
20-05-2024,71,74.9,71,28800,5.28,79.3,80.58752,1554.12,14.06164537,2.901
21-05-2024,74.18,76.64,73.05,27580,2.64,78.66,82.70748,1547.76,15.06434847,2.839
22-05-2024,75.83,77.5,75.5,26140,0.62,77.15,82.964607,1543.25,15.03918581,3.052
23-05-2024,76.5,78.1,75.52,28440,-0.74,76.46,82.28693,1547.98,15.0859398,2.923
24-05-2024,76.1,76.7,73.9,20910,-0.42,77.23,82.18341,1547.46,15.96836187,2.773
27-05-2024,75.7,76.99,75.58,11680,0.96,78.65,83.074558,1553.88,15.48057277,2.78
28-05-2024,75.99,76.24,74.15,20350,-2.5,79.35,80.9783,1545.5,14.68441849,2.825
29-05-2024,74.5,75.6,72.95,21290,-0.87,78.8,79.866,1527.51,14.73008327,2.666
30-05-2024,73.66,75.84,73.37,19230,1.69,77.54,81.45664,1530.32,14.56473518,2.647
31-05-2024,75.48,76.42,73.85,19010,-1.5,76.73,80.299287,1530.66,14.27461847,2.662
03-06-2024,74.44,77.8,74.25,29510,0.76,74.09,81.361626,1535.05,14.33594239,2.804
04-06-2024,74.52,74.71,72.27,29740,-2.75,73.06,78.952524,1519.03,14.49654425,2.67
05-06-2024,72.72,73.26,70.96,25060,-0.8,73.82,78.2496,1538.33,14.56041838,2.828
06-06-2024,71.82,72.98,71.25,19250,-0.65,75.24,77.881864,1546.53,14.78761498,2.892
07-06-2024,71.78,71.88,71.02,14700,-0.15,75.22,77.1336,1540.61,14.92026752,2.996
10-06-2024,71.14,71.2,69.29,27320,-0.71,77.33,76.320433,1531.79,14.73995018,2.977
11-06-2024,70.8,72.17,69.87,22850,-0.71,77.55,75.613299,1514.29,14.56608702,3.193
12-06-2024,70.45,71.75,69.97,20420,-0.16,78.15,75.97321,1532.78,14.66644103,3.122
13-06-2024,70.3,71.99,70.3,18920,0.81,78.26,76.078945,1504.48,14.54533536,3.037
14-06-2024,70.75,71.09,68.18,32670,-3.3,78.05,73.3271,1475.66,14.40740006,2.963
17-06-2024,68.7,69.21,67.63,22760,-0.54,79.72,73.162944,1485.86,14.23137301,2.867
18-06-2024,68.26,69.25,67.72,25050,0.32,80.71,73.426444,1500.52,14.34251027,2.99
19-06-2024,68.74,70.81,68.5,20840,3.45,80.59,75.988908,1492.42,14.23907298,2.916
20-06-2024,70.6,71.59,69.07,21090,-2.19,81.29,74.0333,1511.69,14.31870255,2.854
21-06-2024,69.51,69.51,67.94,18860,-1.65,79.96,72.752255,1498.03,14.59255891,2.836
24-06-2024,68.02,68.27,67.01,25780,-0.72,80.86,72.505392,1508.99,14.66812671,2.948
25-06-2024,67.45,68.07,66.85,20560,0.36,80.07,72.63414,1502.22,14.57972108,2.863
26-06-2024,68.35,69.09,66.8,22830,-0.84,80.19,71.794917,1493.37,14.9438857,2.745
27-06-2024,67.03,67.78,66.42,19500,-1.1,80.83,71.157598,1488.28,14.70848762,2.675
28-06-2024,66.71,68.4,65.79,22060,1.31,80.64,72.162768,1484.29,14.42122625,2.598
01-07-2024,67.41,69.68,67.13,19710,1.44,82.32,73.372754,1496.86,14.47094417,2.492
02-07-2024,68.3,71.03,67.52,27020,3.81,81.91,76.207192,1496.2,14.28251898,2.454
03-07-2024,70.67,71.95,70,25070,-0.03,83.02,76.483526,1513.11,13.92669671,2.447
04-07-2024,70.76,71.16,69.83,19110,-1.03,83.94,75.86458,1522.89,13.40504784,2.371
05-07-2024,70.12,71.15,69.94,12630,0.24,82.26,76.23126,1519.36,13.16548507,2.35
08-07-2024,70.59,71.85,68.8,25020,-1.86,81.52,74.715088,1516,12.83307765,2.382
09-07-2024,69.15,69.19,68.18,16720,-0.75,80.56,74.083824,1500.8,12.84251512,2.36
10-07-2024,68.66,69.4,67.86,15810,-0.82,81.07,73.60068,1514.15,12.91431087,2.345
11-07-2024,68.15,68.83,67.6,16480,0.82,81.38,74.44698,1517.16,13.37761584,2.282
12-07-2024,68.55,69.52,67.69,18190,1.21,81.02,75.63311,1531.57,13.71201771,2.331
15-07-2024,69.58,69.58,67.1,22050,-2.55,80.84,73.621652,1517.96,14.05712138,2.178
16-07-2024,67.85,68.27,67.16,18320,0.53,79.71,74.034218,1511.04,14.24605888,2.206
17-07-2024,68.01,68.13,66.41,19670,-2.24,81.44,72.643554,1493.35,14.25431177,2.071
18-07-2024,66.43,66.98,66.01,17930,-0.47,81.3,72.033456,1492.88,14.21359507,2.168
19-07-2024,66.35,67.49,65.73,15460,-0.17,78.64,71.7882,1481.59,14.24907873,2.165
22-07-2024,66.28,66.73,64.25,25440,-1.83,78.4,70.549831,1495.85,14.19223686,2.286
23-07-2024,64.82,66.22,64.26,19170,1.54,75.92,71.388729,1494.5,14.14040629,2.224
24-07-2024,65.79,69.02,65.55,26230,4.73,76.58,74.68071,1482.37,14.06956142,2.158
25-07-2024,68.91,68.91,66.65,21150,-2.64,77.11,72.741552,1459.79,13.93044221,2.072
26-07-2024,66.9,68.15,66.79,12680,0.94,76,73.512747,1474.98,13.82360853,2.051
29-07-2024,67.7,68.9,67.2,16080,1.58,74.8,74.413082,1465.62,13.89149696,2.036
30-07-2024,68.67,69.29,67.47,20660,-0.29,73.88,74.16927,1473.41,14.05553746,2.244
31-07-2024,68.95,69.44,68.04,20380,0.96,76.84,74.9523,1489.26,14.21164523,2.162
01-08-2024,69.55,71.5,68.83,29180,2.79,75.4,76.799547,1463.53,14.35393158,2.096
02-08-2024,71.18,71.31,69.45,23240,-1.03,72.59,76.835952,1424.08,14.36219691,2.078
